,1,2,3,4,5,6,7,8,9,time
0,125.80616355781969,-65.23425439001996,30.344193128563326,-65.23425439001996,33.82770011976163,-15.733994258256923,30.344193128563326,-15.733994258256923,7.321627145884758,86110.0
1,92.72311118832731,-75.33052695458504,10.166574471892137,-75.33052695458504,61.20295156572977,-8.258831920750017,10.166574471892137,-8.258831920750017,1.1165695706343242,85810.0
2,59.20784579048167,-71.26600972303693,-3.8891312444810837,-71.26600972303693,85.7837541513858,4.682572429789495,-3.8891312444810837,4.682572429789495,0.256773240341372,85510.0
3,30.614401162698094,-56.213691778635535,-10.695264200206843,-56.213691778635535,103.22502691722231,19.641046772029124,-10.695264200206843,19.641046772029124,3.737713462216113,85210.0
4,10.478430170209734,-34.14626120058071,-10.34775542723408,-34.14626120058071,111.28703457712625,33.726373413660276,-10.34775542723408,33.726373413660276,10.221290282442226,84910.0
5,0.7748123140887136,-9.200774273492783,-3.7604051889577734,-9.200774273492783,109.38065176803846,44.7084332245106,-3.7604051889577734,44.7084332245106,18.27462386652652,84610.0
6,2.1799222987309492,14.629819501190973,7.598360561984516,14.629819501190973,98.20646855043778,51.004246344800045,7.598360561984516,51.004246344800045,26.490495358073744,84310.0
7,14.233226257824281,33.64696627516123,21.851006126942224,33.64696627516123,79.5423811950618,51.65529275851489,21.851006126942224,51.65529275851489,33.547482328035116,84010.0
8,35.36775297688487,44.569929711044246,36.78253311876265,44.569929711044246,56.16740017169731,46.35197350243216,36.78253311876265,46.35197350243216,38.25584282522902,83710.0
9,62.81863791697185,44.7448068949157,49.89260950270441,44.7448068949157,31.872523173757465,35.53656904597526,49.89260950270441,35.53656904597526,39.62880273992081,83410.0
10,92.46260617941886,32.55166771915445,58.503169280542764,32.55166771915445,11.4619415643626,20.59474619498787,58.503169280542764,20.59474619498787,37.01908790547505,83110.0
11,118.72789654563726,8.117808759733109,60.03518550302414,8.117808759733109,0.5576917032692926,4.103337974982827,60.03518550302414,4.103337974982827,30.35987711865149,82810.0
12,134.88148036543885,-25.6301531991549,52.61353925971339,-25.6301531991549,4.873399453745211,-9.998872316206405,52.61353925971339,-9.998872316206405,20.525691581914995,82510.0
13,134.23764414185524,-61.82945900404387,36.14303370146401,-61.82945900404387,28.482035100619928,-16.648137978596914,36.14303370146401,-16.648137978596914,9.73348302543852,82210.0
14,112.91646293738131,-89.38903035615087,13.738402353402515,-89.38903035615087,70.76776842604357,-10.875804750547196,13.738402353402515,-10.875804750547196,1.6730613915115085,81910.0
15,74.02633069689298,-95.37429725067085,-7.365092883191261,-95.37429725067085,122.88343828839665,9.490308987611215,-7.365092883191261,9.490308987611215,0.7339897230441682,81610.0
16,30.725491531373734,-71.6269266191626,-17.31209672125633,-71.6269266191626,166.9843461686614,40.36142169591804,-17.31209672125633,40.36142169591804,9.756192527364552,81310.0
17,2.9423456064077653,-23.191990469070703,-8.92295476161385,-23.191990469070703,182.87337421517438,70.36306924121828,-8.92295476161385,70.36306924121828,27.0734381424704,81010.0
18,5.589163849062409,30.01721531610599,15.99751241189054,30.01721531610599,161.24317547272412,85.93346087370145,15.99751241189054,85.93346087370145,45.7981046578196,80710.0
19,37.03875729658391,64.41808479667533,46.18792888440536,64.41808479667533,112.04023126647728,80.33398431194749,46.18792888440536,80.33398431194749,57.60129063509388,80410.0
20,80.48300541383993,68.12154579995953,68.3980591599308,68.12154579995953,57.65985480737801,57.89460940386871,68.3980591599308,57.89460940386871,58.13209204146839,80110.0
21,116.57736420086503,45.60637167255536,75.45207769028472,45.60637167255536,17.842341677486502,29.518720193321773,75.45207769028472,29.518720193321773,48.839210045809196,79810.0
22,134.03589759623793,10.426572503599209,68.02990033632443,10.426572503599209,0.8117589592054463,5.292501217974654,68.02990033632443,5.292501217974654,34.53290925179138,79510.0
23,131.41285969850748,-24.046040736302356,51.40004850565489,-24.046040736302356,4.400990365780057,-9.404972682764125,51.40004850565489,-9.404972682764125,20.108062167683993,79210.0
24,113.45097354569756,-49.26255403333485,31.6246777166088,-49.26255403333485,21.392275915821465,-13.731745363909342,31.6246777166088,-13.731745363909342,8.818369566122605,78910.0
25,86.97867039633262,-61.81175045505436,13.47035476868954,-61.81175045505436,43.92903178826965,-9.572187913448884,13.47035476868954,-9.572187913448884,2.0882343994675536,78610.0
26,58.405004924529734,-61.93194477152746,-0.12200196136324575,-61.93194477152746,65.67517954933365,0.130489167556155,-0.12200196136324575,0.130489167556155,0.0016851348387042701,78310.0
27,32.71831239098158,-51.91117667372595,-7.8026248803153715,-51.91117667372595,82.36796141520094,12.381773710440424,-7.8026248803153715,12.381773710440424,1.8619520022304876,78010.0
28,13.334247588705692,-34.952999531048214,-9.380785174330287,-34.952999531048214,91.63217809256726,24.594038519239408,-9.380785174330287,24.594038519239408,6.601325180177687,77710.0
29,2.277854156376023,-14.519927690871308,-5.445482323071567,-14.519927690871308,92.59577362411972,34.72908647781542,-5.445482323071567,34.72908647781542,13.025851072681652,77410.0
30,0.4208603139744417,5.99606024414689,2.895226442752896,5.99606024414689,85.5480407436779,41.30371072301693,2.895226442752896,41.30371072301693,19.942776625380624,77110.0
31,7.653520744652434,23.427794970632277,14.166224930174414,23.427794970632277,71.71666511089873,43.36431119718378,14.166224930174414,43.36431119718378,26.222530483759886,76810.0
32,22.950566215909245,34.93100911321525,26.602330984588807,34.93100911321525,53.166262705698735,40.48830627908409,26.602330984588807,40.48830627908409,30.83688060609727,76510.0
33,44.3297144848042,38.12303572219707,38.19260951760549,38.12303572219707,32.78655044635797,32.8440299133363,38.19260951760549,32.8440299133363,32.90742180898451,76210.0
34,68.7329522485818,31.354457744998797,46.747389919541355,31.354457744998797,14.305003356327976,21.323712631402756,46.747389919541355,21.323712631402756,31.797046499367216,75910.0
35,91.9172848565742,14.20690410367845,50.07031819832285,14.20690410367845,2.1982559707139173,7.737450458310543,50.07031819832285,7.737450458310543,27.277789663426343,75610.0
36,108.55595826160132,-11.724251721991145,46.35616640551531,-11.724251721991145,1.2691954618694965,-5.007943194615428,46.35616640551531,-5.007943194615428,19.797965449375106,75310.0
37,112.93601884482852,-41.8679971714902,34.94887705050237,-41.8679971714902,15.524817454523676,-12.957352517812636,34.94887705050237,-12.957352517812636,10.817434327903923,75010.0
38,100.78779348583757,-68.0874805294717,17.466785084510217,-68.0874805294717,46.000418639708045,-11.800035973109756,17.466785084510217,-11.800035973109756,3.0287080370676778,74710.0
39,72.46643836792076,-79.75764083519465,-1.1778559243521973,-79.75764083519465,87.78668313416286,1.2970891993226197,-1.1778559243521973,1.2970891993226197,0.020366001268575802,74410.0
40,36.16915379057211,-68.10533218993352,-13.19452469695506,-68.10533218993352,128.24621581070417,24.84725446039622,-13.19452469695506,24.84725446039622,4.814710114536657,74110.0
41,7.36101102190287,-33.255551766789566,-11.322772798416114,-33.255551766789566,150.26417865753493,51.16398004539329,-11.322772798416114,51.16398004539329,17.421286961015333,73810.0
42,0.9675388535966035,11.71955817492085,5.6769527738390115,11.71955817492085,142.10033943727447,68.83159772387471,5.6769527738390115,68.83159772387471,33.34147130857682,73510.0
43,20.487398723408454,46.79900999970408,30.543741798704755,46.79900999970408,106.90769287648764,69.77503327927822,30.543741798704755,69.77503327927822,45.5405764728604,73210.0
44,55.116375296326666,58.0896784364751,51.9710108550302,58.0896784364751,61.224754293848996,54.7767687102462,51.9710108550302,54.7767687102462,49.00934690357611,72910.0
45,88.28380147489743,45.32919221380379,61.98543033653382,45.32919221380379,23.274795593567866,31.827519709689117,61.98543033653382,31.827519709689117,43.525428911193494,72610.0
46,108.04957125853896,18.27339105970956,59.26864409350685,18.27339105970956,3.0909634181482826,10.024132663092576,59.26864409350685,10.024132663092576,32.51518006994343,72310.0
47,110.8625786219975,-11.345201883657023,47.36475597520368,-11.345201883657023,1.1618711697335942,-4.846833495863146,47.36475597520368,-4.846833495863146,20.24000223754281,72010.0
48,99.44223698517764,-35.049729915303004,31.347634504969115,-35.049729915303004,12.355069406574218,-11.04866093042975,31.347634504969115,-11.04866093042975,9.88504959143011,71710.0
49,79.18930292670242,-48.792550585083816,15.592849254462138,-48.792550585083816,30.065543500811028,-9.607106130155,15.592849254462138,-9.607106130155,3.0726575998569237,71410.0
50,55.64789430204639,-51.98835504303364,3.0000524828068995,-51.98835504303364,48.57236598764395,-2.801862039842254,3.0000524828068995,-2.801862039842254,0.1633317388202493,71110.0
51,33.33851215178287,-46.128038950718164,-4.946136128220712,-46.128038950718164,63.82837300748565,6.84527757604172,-4.946136128220712,6.84527757604172,0.7350071067556813,70810.0
52,15.468060271402578,-33.70082560722063,-7.8345239384995145,-33.70082560722063,73.43297650869658,17.072583382683966,-7.8345239384995145,17.072583382683966,3.9696151500625008,70510.0
53,4.029630588569274,-17.53565092605404,-5.986143116852781,-17.53565092605404,76.3308005348672,26.05893950326094,-5.986143116852781,26.05893950326094,8.89664538374925,70210.0
54,0.0035879085687857935,-0.45728753736391603,-0.204402806651956,-0.45728753736391603,72.50225188736867,32.45066607785988,-0.204402806651956,32.45066607785988,14.52491365632478,69910.0
55,3.5267731542323926,14.874558965747674,8.378495059936645,14.874558965747674,62.74177723226235,35.33987762326095,8.378495059936645,35.33987762326095,19.906933067186177,69610.0
56,13.980697716252116,26.05008694633283,18.383015797524116,26.05008694633283,48.53977757079784,34.25234173364491,18.383015797524116,34.25234173364491,24.173131622244934,69310.0
57,29.989349326332782,31.001839095733505,28.224423937755944,31.001839095733505,32.04946655595804,29.176225993646575,28.224423937755944,29.176225993646575,26.565455997369135,69010.0
58,49.34222890838245,28.17993710447859,36.15649353987253,28.17993710447859,16.095433275082108,20.648017755877163,36.15649353987253,20.648017755877163,26.496966253145953,68710.0
59,68.89462627837919,16.88636976436191,40.37531486614707,16.88636976436191,4.1410943734008665,9.894631539322827,40.37531486614707,9.894631539322827,23.66456403603946,68410.0
60,84.57186248217405,-2.1686113394337183,39.270934098137175,-2.1686113394337183,0.05835655576972399,-1.008478755120009,39.270934098137175,-1.008478755120009,18.238221500797533,68110.0
61,91.73752773891826,-26.11266413927449,31.938125016863484,-26.11266413927449,7.436058466686483,-9.092222734493518,31.938125016863484,-9.092222734493518,11.121551107554787,67810.0
62,86.33728723620324,-49.25946425897877,19.00653321406166,-49.25946425897877,28.108383986849066,-10.844707721992984,19.00653321406166,-10.844707721992984,4.185983902530011,67510.0
63,67.1547455774312,-63.40514371150324,3.5715815109513427,-63.40514371150324,59.86881777251649,-3.3718577252677684,3.5715815109513427,-3.3718577252677684,0.19125327917253865,67210.0
64,38.645001434261125,-60.40890637602823,-8.620466791364064,-60.40890637602823,94.43464181387517,13.476921693195655,-8.620466791364064,13.476921693195655,1.9240990591654217,66910.0
65,11.861997915803657,-37.48165047254179,-11.093145363158209,-37.48165047254179,118.44614802020145,35.057307736741365,-11.093145363158209,35.057307736741365,10.376489829377569,66610.0
66,0.033049362478092446,-1.9640638633912302,-0.8603907053531934,-1.9640638633912302,119.97148496412771,52.57100693564474,-0.8603907053531934,52.57100693564474,23.03664008871205,66310.0
67,9.657483044684524,30.657359616930464,18.24796610121656,30.657359616930464,97.33005059901706,57.933895635444955,18.24796610121656,57.933895635444955,34.484644450515646,66010.0
68,35.25677085895862,46.479734030526195,37.43444730182392,46.479734030526195,61.27697323162573,49.35307735276982,37.43444730182392,49.35307735276982,39.75067669638611,65710.0
69,63.838394216123376,41.72753983960651,48.85249704958672,41.72753983960651,27.275540788931746,31.933490940370937,48.85249704958672,31.933490940370937,37.38889838335937,65410.0
70,83.90178617002567,22.4299855247031,49.73285207513577,22.4299855247031,5.996815970564447,13.296110991304095,49.73285207513577,13.296110991304095,29.483670635050576,65110.0
71,90.45441939949163,-1.781206610408601,42.00304327236494,-1.781206610408601,0.03577708215598164,-0.8267914958931167,42.00304327236494,-0.8267914958931167,19.50849609630556,64810.0
72,84.42205575929889,-22.97242632877167,29.647282379974367,-22.97242632877167,6.252256618123171,-8.067245152779417,29.647282379974367,-8.067245152779417,10.41495679151992,64510.0
73,69.78138955729685,-36.78005447697459,16.509144797733665,-36.78005447697459,19.387592609293634,-8.701230327466153,16.509144797733665,-8.701230327466153,3.908388723128041,64210.0
74,51.13791488931224,-41.98331908427268,5.328424217459756,-41.98331908427268,34.47009992171587,-4.373824805211268,5.328424217459756,-4.373824805211268,0.5570024676800738,63910.0
75,32.458466311001665,-39.38383862658524,-2.3639516528419633,-39.38383862658524,47.790617702929225,2.8696988905414087,-2.3639516528419633,2.8696988905414087,0.17343010070169285,63610.0
76,16.66193404397554,-30.82324508801372,-6.003403457883885,-30.82324508801372,57.026821132056206,11.108371784354958,-6.003403457883885,11.108371784354958,2.164318601845292,63310.0
77,5.63613364099908,-18.544762425195128,-5.6987992795715785,-18.544762425195128,61.032382372236945,18.75688830209654,-5.6987992795715785,18.75688830209654,5.764742517821013,63010.0
78,0.39486871139548485,-4.844884551596754,-2.001527605121669,-4.844884551596754,59.570782435344405,24.61382369532829,-2.001527605121669,24.61382369532829,10.17052841132898,62710.0
79,1.2338459286326624,8.093176885277073,4.244217131533084,8.093176885277073,53.105558634735274,27.84803885022175,4.244217131533084,27.84803885022175,14.60434776181919,62410.0
80,7.829234540304384,18.278389940609397,11.985012928468711,18.278389940609397,42.674652493019785,27.980428143768325,11.985012928468711,27.980428143768325,18.348180879982955,62110.0
81,19.26361746794627,23.975411559892482,20.000594272292886,23.975411559892482,29.84045923727031,24.89164161221742,20.000594272292886,24.89164161221742,20.767659224847748,61810.0
82,33.98560615752496,23.813707803418396,26.935240903232934,23.813707803418396,16.68754574807582,18.87217449452181,26.935240903232934,18.87217449452181,21.34991207929132,61510.0
83,49.73302536924908,17.002406901685852,31.359138765427073,17.002406901685852,5.814606575814971,10.719328379699808,31.359138765427073,10.719328379699808,19.776261571666918,61210.0
84,63.496394834286754,3.7073329349266935,31.92103492923234,3.7073329349266935,0.21899926082738294,1.8622075094275874,31.92103492923234,1.8622075094275874,16.050214681762586,60910.0
85,71.68933354446078,-14.396126229593074,27.676634601836017,-14.396126229593074,2.8939652683671344,-5.559153005717513,27.676634601836017,-5.559153005717513,10.687463934397103,60610.0
86,70.8175816968349,-33.538846589181425,18.66540975833266,-33.538846589181425,15.88723608553897,-8.840681594027606,18.66540975833266,-8.840681594027606,4.921650689771508,60310.0
87,58.97331511604136,-47.752682487377314,6.661890242536829,-47.752682487377314,38.670670294557894,-5.394407639448043,6.661890242536829,-5.394407639448043,0.7539858921280137,60010.0
88,38.05194980258968,-50.22582860397068,-4.384905466691103,-50.22582860397068,66.29878748363333,5.788827803613636,-4.384905466691103,5.788827803613636,0.5063902227371421,59710.0
89,15.272299747797861,-36.89643378240061,-9.23961419093118,-36.89643378240061,89.14559763279115,22.32520890667487,-9.23961419093118,22.32520890667487,5.591460563403027,59410.0
90,1.2196613788820672,-10.852614769266193,-4.2699750949653605,-10.852614769266193,96.63542882607337,38.024436916107405,-4.2699750949653605,38.024436916107405,14.962199237659101,59110.0
91,3.464011800277888,17.085711288033213,9.275238874444538,17.085711288033213,84.29279505272068,45.76016704881781,9.275238874444538,45.76016704881781,24.842310474765195,58810.0
92,20.66127423938003,34.572070504870446,25.242006744866845,34.572070504870446,57.851200834304336,42.23984410355004,25.242006744866845,42.23984410355004,30.84225099036379,58510.0
93,43.66107488366256,35.75149078979265,36.67181581142744,35.75149078979265,29.275512777506666,30.030003658148534,36.67181581142744,30.030003658148534,30.8056646394828,58210.0
94,62.329717358011614,23.367186643767344,39.977353230047505,23.367186643767344,8.760688005475904,14.98823619762996,39.977353230047505,14.98823619762996,25.645365014068073,57910.0
95,70.97362857254006,4.701670367844832,35.708020638282896,4.701670367844832,0.31203906592048675,2.3658895935055138,35.708020638282896,2.3658895935055138,17.96958161324368,57610.0
96,69.07137702506742,-13.266662815000691,26.73826702011394,-13.266662815000691,2.549116972641716,-5.135471777442914,26.73826702011394,-5.135471777442914,10.354350492402318,57310.0
97,59.260157697881844,-26.18677127635541,16.273133703087822,-26.18677127635541,11.573317744896029,-7.190762128552899,16.273133703087822,-7.190762128552899,4.471544309103561,57010.0
98,45.17725627027435,-32.41330208121049,6.784566569302301,-32.41330208121049,23.257798964844696,-4.867154824711833,6.784566569302301,-4.867154824711833,1.0209086166273849,56710.0
99,30.172427459138273,-32.18561917806158,-0.23676235363092313,-32.18561917806158,34.336458226092006,0.2536852295960334,-0.23676235363092313,0.2536852295960334,0.0032451220957733467,56410.0
100,16.809875091247047,-26.777100370757616,-4.139690221144619,-26.777100370757616,42.659532635587965,6.596352024531403,-4.139690221144619,6.596352024531403,1.0206354493866285,56110.0
101,6.808510227639303,-17.900718102035693,-4.875580820492266,-17.900718102035693,47.07415955076262,12.82300835463809,-4.875580820492266,12.82300835463809,3.493271543955274,55810.0
102,1.1511572426513004,-7.368746072583276,-2.793675028017324,-7.368746072583276,47.20909692398965,17.900507100463656,-2.793675028017324,17.900507100463656,6.787750726748661,55510.0
103,0.21909655968812444,3.075493305061956,1.499188172860598,3.075493305061956,43.28617016876128,21.097055644531483,1.499188172860598,21.097055644531483,10.283242067698575,55210.0
104,3.8908687846335197,11.83404209710255,7.22103534565766,11.83404209710255,35.99575182120515,21.963322046338252,7.22103534565766,21.963322046338252,13.40309291090353,54910.0
105,11.585750402025484,17.500690605898562,13.457633220240357,17.500690605898562,26.43609643353666,20.327368760517402,13.457633220240357,20.327368760517402,15.633665322775572,54610.0
106,22.252185649804463,18.926644099627254,19.187949899429334,18.926644099627254,16.0991466555343,16.319069075037124,19.187949899429334,16.319069075037124,16.547931799669776,54310.0
107,34.31741408619734,15.351570012608693,23.32051220552005,15.351570012608693,6.869070692123255,10.43069614687718,23.32051220552005,10.43069614687718,15.850206817508372,54010.0
108,45.642723433260876,6.645589149498761,24.781979437567298,6.645589149498761,0.9699262208068278,3.6066702637404577,24.781979437567298,3.6066702637404577,13.458334614544263,53710.0
109,53.585593876440214,-6.3107905127866655,22.717629036911006,-6.3107905127866655,0.7460918301040492,-2.6769149258202276,22.717629036911006,-2.6769149258202276,9.63377806088161,53410.0
110,55.36089851960933,-21.166093585706232,16.8684585594458,-21.166093585706232,8.095691923428658,-6.450354922425016,16.8684585594458,-6.450354922425016,5.141988673774766,53110.0
111,48.96261491379635,-33.83812709244135,8.122002362709676,-33.83812709244135,23.389143116649734,-5.613483593091081,8.122002362709676,-5.613483593091081,1.348878400746174,52810.0
112,34.736182461289054,-39.10288396619886,-1.0103092023958207,-39.10288396619886,44.02249128987846,1.1379457025234334,-1.0103092023958207,1.1379457025234334,0.03051979728912493,52510.0
113,16.909182589025743,-32.798196464347406,-6.657848743190465,-32.798196464347406,63.623129032518385,12.916186048746408,-6.657848743190465,12.916186048746408,2.6226945532988677,52210.0
114,3.1650930978329708,-15.28132526407626,-5.339937681909617,-15.28132526407626,73.80004105763615,25.79088838667359,-5.339937681909617,25.79088838667359,9.013371291273089,51910.0
115,0.6625992777023199,6.761163496342095,3.341563527547428,6.761163496342095,69.07099137302038,34.13651837507418,3.341563527547428,34.13651837507418,16.871370530965056,51610.0
116,10.75698503661573,23.506361329000974,15.630228919558872,23.506361329000974,51.37038244406793,34.15914191331407,15.630228919558872,34.15914191331407,22.71515576460199,51310.0
117,27.874565118958117,28.429058001758506,25.957010958194704,28.429058001758506,28.99550670565763,26.475229732227497,25.957010958194704,26.475229732227497,24.175486249519313,51010.0
118,43.88731030200806,21.72897912185241,30.54770180042625,21.72897912185241,10.758603462975456,15.125473274048492,30.54770180042625,15.125473274048492,21.26713032332993,50710.0
119,53.13166708322637,8.342072781318478,28.91915781931514,8.342072781318478,1.3102418822495818,4.541032568578958,28.91915781931514,4.541032568578958,15.744858384297208,50410.0
120,54.07651172976932,-6.014378756305959,22.905910384478243,-6.014378756305959,0.6697304891399372,-2.5473688597062294,22.905910384478243,-2.5473688597062294,9.706461448786765,50110.0
121,48.18704873635988,-17.311928596243078,15.015143956571578,-17.311928596243078,6.220890107364479,-5.394214523354825,15.015143956571578,-5.394214523354825,4.68186648388477,49810.0
122,38.15473374016434,-23.703283056646146,7.362122876519095,-23.703283056646146,14.727435599597243,-4.573212331821551,7.362122876519095,-4.573212331821551,1.4228302853257777,49510.0
123,26.677683660699497,-25.00838218274199,1.3171805443502478,-25.00838218274199,23.446461645438966,-1.2338409797363086,1.3171805443502478,-1.2338409797363086,0.06658901144135117,49210.0
124,15.915211309014854,-22.023864402497594,-2.4464660812131847,-22.023864402497594,30.48166409051529,3.387196993914234,-2.4464660812131847,3.387196993914234,0.37724587816568467,48910.0
125,7.3650983180702925,-15.99586306815483,-3.7755570419773608,-15.99586306815483,34.74849927858208,8.203235010153774,-3.7755570419773608,8.203235010153774,1.9369352350030558,48610.0
126,1.9255509145844134,-8.301737664834693,-2.8643618171252525,-8.301737664834693,35.81346128624,12.358670915831194,-2.8643618171252525,12.358670915831194,4.265051209668225,48310.0
127,0.003160226527936889,-0.2863258505678017,-0.1290538585836804,-0.2863258505678017,33.73380108331498,15.23609304036925,-0.1290538585836804,15.23609304036925,6.882108148310382,48010.0
128,1.6038872009359142,6.812389561040608,3.8700178183182183,6.812389561040608,28.941864448677524,16.440349099426275,3.8700178183182183,16.440349099426275,9.34037665657936,47710.0
129,6.384631381747643,11.899914553900086,8.470528751962076,11.899914553900086,22.180287841162407,15.787060658044798,8.470528751962076,15.787060658044798,11.239483798414037,47410.0
130,13.661871711724014,14.063713465231764,12.930875509626834,14.063713465231764,14.478212825232013,13.310015658010247,12.930875509626834,13.310015658010247,12.241070954541089,47110.0
131,22.38541642302677,12.648046241627304,16.45267115989691,12.648046241627304,7.1477546016767235,9.294489445181057,16.45267115989691,9.294489445181057,12.094820317515069,46810.0
132,31.101709880641405,7.39929767152185,18.229888395658158,7.39929767152185,1.7624443813170185,4.335398723211156,18.229888395658158,4.335398723211156,10.688018641643145,46510.0
133,37.96470458116868,-1.2909646291981591,17.564153335211547,-1.2909646291981591,0.04658383836932685,-0.5988017957022455,17.564153335211547,-0.5988017957022455,8.12866531091844,46210.0
134,40.91184002620351,-12.058896996518966,14.095278849423366,-12.058896996518966,3.5575355786939906,-4.155855761950696,14.095278849423366,-4.155855761950696,4.85854698646932,45910.0
135,38.18856672320541,-22.296572478128326,8.17077992684595,-22.296572478128326,13.021410486235311,-4.771174317182062,8.17077992684595,-4.771174317182062,1.749970590880534,45610.0
136,29.363509044229517,-28.32065015534431,1.2485292256551406,-28.32065015534431,27.31858332173758,-1.2039293626652983,1.2485292256551406,-1.2039293626652983,0.05431922015693207,45310.0
137,16.570668003443217,-26.573622290304552,-4.056968601954509,-26.573622290304552,42.61953650325169,6.50749649135468,-4.056968601954509,6.50749649135468,0.994338161978229,45010.0
138,4.838848693776007,-16.002030795737834,-4.886965059497376,-16.002030795737834,52.929114511530614,16.16594644884169,-4.886965059497376,16.16594644884169,4.937802991509073,44710.0
139,0.0009206852514539045,-0.09745739912329492,-0.043512473444800644,-0.09745739912329492,53.07850637790449,23.79201188393539,-0.043512473444800644,23.79201188393539,10.66479894206458,44410.0
140,4.7148957599704175,14.171090050347061,8.60438930832532,14.171090050347061,42.59940391961405,25.86650176816374,8.60438930832532,25.86650176816374,15.70680026318373,44110.0
141,16.299032489471728,20.77366216003157,17.07340344853906,20.77366216003157,26.478026656941797,21.7628212701525,17.07340344853906,21.7628212701525,17.888528860585115,43810.0
142,28.903604195110805,18.284740091073953,21.939539704446606,18.284740091073953,11.567572090947866,13.880445750390887,21.939539704446606,13.880445750390887,16.65776645206887,43510.0
143,37.52017884883098,9.548902989428488,22.095120804381057,9.548902989428488,2.4305992227342665,5.623857563797473,22.095120804381057,5.623857563797473,13.015959953850748,43210.0
144,40.09149034746122,-1.136525250069468,18.491621974771682,-1.136525250069468,0.032896534764926294,-0.5239289221148979,18.491621974771682,-0.5239289221148979,8.533082286326493,42910.0
145,37.152651189120945,-10.325726799977422,12.936205393476026,-10.325726799977422,2.8709382892979507,-3.5951420755366095,12.936205393476026,-3.5951420755366095,4.507655904034398,42610.0
146,30.527862832854982,-16.187880753652856,7.126851966123361,-16.187880753652856,8.585634497020177,-3.7787843380781556,7.126851966123361,-3.7787843380781556,1.6663341705800014,42310.0
147,22.26379042004814,-18.2756789558879,2.2455766291268664,-18.2756789558879,15.00455388605703,-1.8425797258091532,2.2455766291268664,-1.8425797258091532,0.22825179818351257,42010.0
148,14.08547099122662,-17.010698504421395,-1.071678740072033,-17.010698504421395,20.547336446654906,1.2956694376649738,-1.071678740072033,1.2956694376649738,0.08278656397503575,41710.0
149,7.231158425731448,-13.243289121011,-2.6168655749978003,-13.243289121011,24.260513746370812,4.795233130798677,-2.6168655749978003,4.795233130798677,0.9482876716530375,41410.0
150,2.472309717031802,-7.970473317822417,-2.47343640501458,-7.970473317822417,25.71029568411106,7.980228432634126,-2.47343640501458,7.980228432634126,2.4772375088861383,41110.0
151,0.19287408771491993,-2.1843293670584654,-0.909757566496894,-2.1843293670584654,24.854963284945452,10.355551234496017,-0.909757566496894,10.355551234496017,4.314990584696487,40810.0
152,0.4666760119574611,3.1983925126263473,1.6903246248512636,3.1983925126263473,21.944304495435432,11.595783938468283,1.6903246248512636,11.595783938468283,6.12858662095667,40510.0
153,3.109263314284112,7.3670777993317245,4.86707342497738,7.3670777993317245,17.456909634390335,11.531889909711346,4.86707342497738,11.531889909711346,7.620237483007816,40210.0
154,7.698452634397048,9.639578639140714,8.105797845453711,9.639578639140714,12.070833031117182,10.14855296988001,8.105797845453711,10.14855296988001,8.53660443774882,39910.0
155,13.56684843813228,9.501324147235513,10.852058247390808,9.501324147235513,6.655301202089914,7.598633554564616,10.852058247390808,7.598633554564616,8.682923828514584,39610.0
156,19.778989617260304,6.685172525859603,12.537921721217371,6.685172525859603,2.2614128485969585,4.236126438181541,12.537921721217371,4.236126438181541,7.950535831000018,39310.0
157,25.124104146568207,1.3137916828218048,12.643663653251215,1.3137916828218048,0.07118789828293286,0.6595514286625909,12.643663653251215,0.6595514286625909,6.365658581671481,39010.0
158,28.19059421492565,-5.891312388897626,10.827831031480658,-5.891312388897626,1.2341626412024669,-2.2641923921334373,10.827831031480658,-2.2641923921334373,4.161364563794696,38710.0
159,27.636711665789733,-13.393463020414494,7.152709391160929,-13.393463020414494,6.494159613417099,-3.4672514336487628,7.152709391160929,-3.4672514336487628,1.8531435406602244,38410.0
160,22.78234611216927,-18.821318884279385,2.372030580322246,-18.821318884279385,15.5525847111637,-1.9596907916307373,2.372030580322246,-1.9596907916307373,0.2483380217456847,38110.0
161,14.469706628681786,-19.53172521300861,-1.9171224185447406,-19.53172521300861,26.36876796921541,2.5888314978084574,-1.9171224185447406,2.5888314978084574,0.2550525057122488,37810.0
162,5.615680897320816,-14.040895235759612,-3.6589817300179175,-14.040895235759612,35.113443385460435,9.151632163960397,-3.6589817300179175,9.151632163960397,2.3855929614856324,37510.0
163,0.3666974679704049,-3.7144174949337856,-1.5007582229588292,-3.7144174949337856,37.701832911695824,15.2358357098296,-1.5007582229588292,15.2358357098296,6.157208152063711,37210.0
164,1.5567506341235442,7.117452006398853,3.950584688632533,7.117452006398853,32.555840804190396,18.071111735880383,3.950584688632533,18.071111735880383,10.031335908641609,36910.0
165,8.47798180763204,13.683894479662227,10.205870700116414,13.683894479662227,22.088457775281693,16.475435630209788,10.205870700116414,16.475435630209788,12.289767066671432,36610.0
166,17.455988748690494,13.863893470729531,14.557202352020683,13.863893470729531,11.011534232252748,11.563101176149416,14.557202352020683,11.563101176149416,12.144041014124003,36310.0
167,24.567600902326944,8.874198087609647,15.681466943209193,8.874198087609647,3.20585418253429,5.665185808839921,15.681466943209193,5.665185808839921,10.01392221422314,36010.0
168,27.69755530251728,1.605103179544657,13.873114918591419,1.605103179544657,0.0935799942564518,0.8043216824820099,13.873114918591419,0.8043216824820099,6.952991600833724,35710.0
169,26.745361425774032,-5.257965849641003,10.298386831325955,-5.257965849641003,1.0346602265046798,-2.0244143187057038,10.298386831325955,-2.0244143187057038,3.969064677192703,35410.0
170,22.800934050574465,-10.094279949539864,6.213886093815078,-10.094279949539864,4.470421102389023,-2.7507021754550873,6.213886093815078,-2.7507021754550873,1.6962717594061143,35110.0
171,17.29849904276016,-12.340703568695426,2.56381813756791,-12.340703568695426,8.80613542882702,-1.828417994544633,2.56381813756791,-1.828417994544633,0.38197451127106097,34810.0
172,11.524559386723293,-12.151438602199605,-0.10342782898212098,-12.151438602199605,12.815857192518953,0.11024561254854312,-0.10342782898212098,0.11024561254854312,0.0023012921311608412,34510.0
173,6.4362326555422715,-10.058382229784485,-1.5698181111887153,-10.058382229784485,15.724456014542053,2.4554584718916033,-1.5698181111887153,2.4554584718916033,0.3840780178908225,34210.0
174,2.6490159580988037,-6.73772699736095,-1.84831465486272,-6.73772699736095,17.147830752731608,4.705621431407119,-1.84831465486272,4.705621431407119,1.2915777976174303,33910.0
175,0.4885430938570366,-2.878489081371821,-1.098369667062367,-2.878489081371821,16.999261341073115,6.488875313457459,-1.098369667062367,6.488875313457459,2.477250099821355,33610.0
176,0.05101678086936598,0.8805929764455288,0.43214410748383797,0.8805929764455288,15.408256015224575,7.5571789795280635,0.43214410748383797,7.5571789795280635,3.7074005503817395,33310.0
177,1.2494139120732541,3.9774070881540466,2.4417290274978023,3.9774070881540466,12.665230391242822,7.774160069612353,2.4417290274978023,7.774160069612353,4.773851026297935,33010.0
178,3.8386760090564658,5.939642755161271,4.5941270583135445,5.939642755161271,9.191171495355789,7.107689284925399,4.5941270583135445,7.107689284925399,5.500030648696854,32710.0
179,7.420538553449071,6.4026779672566665,6.529642379081179,6.4026779672566665,5.525398572691014,5.632621810612353,6.529642379081179,5.632621810612353,5.7479659168275345,32410.0
180,11.43405891161711,5.147941691735101,7.878939282669666,5.147941691735101,2.319364294820209,3.5457244864810593,7.878939282669666,3.5457244864810593,5.431837285730395,32110.0
181,15.146996934920702,2.1766582599444453,8.29321605821117,2.1766582599444453,0.3150570566598395,1.1900919492370616,8.29321605821117,1.1900919492370616,4.543430486160543,31810.0
182,17.681543925881535,-2.1726789018694537,7.51027094274995,-2.1726789018694537,0.26979285755436305,-0.9243519672154588,7.51027094274995,-0.9243519672154588,3.192571873268006,31510.0
183,18.13722524259072,-7.08283415352219,5.47700791939247,-7.08283415352219,2.769165658932106,-2.1399213906021166,5.47700791939247,-2.1399213906021166,1.6560317784524308,31210.0
184,15.895342094170188,-11.185991000534305,2.525604116764582,-11.185991000534305,7.87539300481816,-1.777704315139196,2.525604116764582,-1.777704315139196,0.40282267932667076,30910.0
185,11.12992046179003,-12.774308766410849,-0.48122317710907486,-12.774308766410849,14.665513436782708,0.5529446234019143,-0.48122317710907486,0.5529446234019143,0.021903269472190956,30610.0
186,5.288584944041401,-10.537327445245548,-2.2579281261494666,-10.537327445245548,21.00063756225111,4.500997681419552,-2.2579281261494666,4.500997681419552,0.9652175541133606,30310.0
187,0.9101862795374814,-4.685609375210621,-1.6922481745189868,-4.685609375210621,24.14253158992047,8.721258585505245,-1.6922481745189868,8.721258585505245,3.150685832205763,30010.0
188,0.2826979456639056,2.512556455116508,1.2749171137273274,2.512556455116508,22.385800291440276,11.359052823977866,1.2749171137273274,11.359052823977866,5.764130138070495,29710.0
189,3.7375110766627926,7.847328223829703,5.34414050352436,7.847328223829703,16.47952525841613,11.223962330002353,5.34414050352436,11.223962330002353,7.645254655580326,29410.0
190,9.364885941868824,9.276177780116226,8.676022555506183,9.276177780116226,9.189074167306387,8.595590748327101,8.676022555506183,8.595590748327101,8.041935957358275,29110.0
191,14.50309865061133,6.970177442518957,10.07479326766121,6.970177442518957,3.3502139957510004,4.842917245199959,10.07479326766121,4.842917245199959,7.003041536002375,28810.0
192,17.36192194610937,2.5950401382742725,9.439432019460924,2.5950401382742725,0.38834175548639727,1.411356312088568,9.439432019460924,1.411356312088568,5.136448466459003,28510.0
193,17.51634415550091,-1.992788782562851,7.41070430365108,-1.992788782562851,0.22754607314655104,-0.8428834895547813,7.41070430365108,-0.8428834895547813,3.139140077675088,28210.0
194,15.49899233962504,-5.528009287600805,4.821813875612452,-5.528009287600805,1.9730275463036913,-1.7195683136230775,4.821813875612452,-1.7195683136230775,1.503181809085491,27910.0
195,12.210107542573194,-7.46843035748063,2.3545951328598993,-7.46843035748063,4.570196307912417,-1.4397234814070135,2.3545951328598993,-1.4397234814070135,0.456304910517691,27610.0
196,8.521995168442587,-7.807756551973785,0.4332934108042662,-7.807756551973785,7.1564361286094975,-0.3959802451978335,0.4332934108042662,-0.3959802451978335,0.02357271971130149,27310.0
197,5.109008029521202,-6.840170806882004,-0.7510892279071928,-6.840170806882004,9.162652311920052,1.007428548814348,-0.7510892279071928,1.007428548814348,0.11161840419749873,27010.0
198,2.4163879949793237,-4.984450497823335,-1.1761434686619952,-4.984450497823335,10.290085963259331,2.429596691411157,-1.1761434686619952,2.429596691411157,0.5740197877340013,26710.0
199,0.6886958307287357,-2.6797582095376593,-0.9268389686405427,-2.6797582095376593,10.448555484396325,3.6157236945864155,-0.9268389686405427,3.6157236945864155,1.2515063938241247,26410.0
200,0.012424878101543144,-0.33371639785193297,-0.15097683765813913,-0.33371639785193297,9.696751920975183,4.3954174419783865,-0.15097683765813913,4.3954174419783865,1.993052554732871,26110.0
201,0.3526931301837829,1.6991548560033145,0.9688362630284753,1.6991548560033145,8.198155482456148,4.673247258984121,0.9688362630284753,4.673247258984121,2.6654582997383387,25810.0
202,1.5773234634080266,3.125390531952155,2.2310222360000505,3.125390531952155,6.193907247936019,4.420256365379524,2.2310222360000505,4.420256365379524,3.157442238788579,25510.0
203,3.46769052648884,3.7189415970573516,3.4238272910625667,3.7189415970573516,3.989160322055131,3.6706500597721408,3.4238272910625667,3.6706500597721408,3.3826409483734117,25210.0
204,5.718946996584904,3.335530684845817,4.33270231379409,3.335530684845817,1.9467574349337502,2.525435362248599,4.33270231379409,2.525435362248599,3.2850116835509136,24910.0
205,7.936226751448801,1.9437652562742878,4.753400004952189,1.9437652562742878,0.4780843269085788,1.1625136686533415,4.753400004952189,1.1625136686533415,2.849785110695629,24610.0
206,9.64147522582719,-0.3203098733034449,4.52073440497446,-0.3203098733034449,0.013256646086782797,-0.15180237920726533,4.52073440497446,-0.15180237920726533,2.1223404942062474,24310.0
207,10.320020532366975,-3.0788216101363757,3.5650074598794776,-3.0788216101363757,0.9215982604860373,-1.06483240291428,3.5650074598794776,-1.06483240291428,1.2337722146368464,24010.0
208,9.552056543788867,-5.652652397332344,2.0013662312080953,-5.652652397332344,3.348482398431699,-1.1849948902735334,2.0013662312080953,-1.1849948902735334,0.4210314251362242,23710.0
209,7.263275155767249,-7.11283847585047,0.2243610453774257,-7.11283847585047,6.96919867545215,-0.21945289531615741,0.2243610453774257,-0.21945289531615741,0.008127410239614694,23410.0
210,4.0261009693609155,-6.588782259692605,-1.0912730482815567,-6.588782259692605,10.787190503270821,1.7874202757766882,-1.0912730482815567,1.7874202757766882,0.2968653900818504,23110.0
211,1.123306444849685,-3.862420924692792,-1.2329911688247803,-3.862420924692792,13.29129002697154,4.24449102544295,-1.2329911688247803,4.24449102544295,1.3557319454303554,22810.0
212,0.0022122139522068114,0.14193303366384782,0.0659636364599711,0.14193303366384782,13.220160109346565,6.131015052842608,0.0659636364599711,6.131015052842608,2.843551999822101,22510.0
213,1.275983186471687,3.6623760291556513,2.290307065200251,3.6623760291556513,10.517623098855129,6.5783940645406584,2.290307065200251,6.5783940645406584,4.115129736345078,22210.0
214,4.215267087873252,5.223958599330476,4.413704946446216,5.223958599330476,6.4751511033492655,5.471963167405658,4.413704946446216,5.471963167405658,4.6254494243880915,21910.0
215,7.333375090646985,4.53060994307506,5.58600519212915,4.53060994307506,2.79943966302416,3.452261057033177,5.58600519212915,3.452261057033177,4.2593624923917615,21610.0
216,9.398908313180486,2.3382931456076816,5.561341468957057,2.3382931456076816,0.5821264279351779,1.384176137226916,5.561341468957057,1.384176137226916,3.295091087223321,21310.0
217,9.941931391102791,-0.27151578853650365,4.610265025992228,-0.27151578853650365,0.008116099195261326,-0.12563435368145764,4.610265025992228,-0.12563435368145764,2.1419388434482474,21010.0
218,9.137861704933325,-2.462893654123159,3.203071668883462,-2.462893654123159,0.6649996013165326,-0.8631054148203428,3.203071668883462,-0.8631054148203428,1.1261291664067468,20710.0
219,7.466017270857078,-3.819533289389899,1.7649379316285725,-3.819533289389899,1.9558676819736744,-0.9025207283946322,1.7649379316285725,-0.9025207283946322,0.4197439290500686,20410.0
220,5.438947665319612,-4.270854436183577,0.5781219734708253,-4.270854436183577,3.356366548062607,-0.4531164545696349,0.5781219734708253,-0.4531164545696349,0.0632019872234807,20110.0
221,3.469510841315346,-3.9526334658606355,-0.21913923397773213,-3.9526334658606355,4.507193586458923,0.2512264924061799,-0.21913923397773213,0.2512264924061799,0.015115496664825886,19810.0
222,1.8357039572405132,-3.091490314943032,-0.5969535340744847,-3.091490314943032,5.213245291175328,1.008178583976721,-0.5969535340744847,1.008178583976721,0.19547186168420932,19510.0
223,0.6924235142330186,-1.9326132221360317,-0.5948277153703695,-1.9326132221360317,5.408473182093979,1.666412778691731,-0.5948277153703695,1.666412778691731,0.5137167225934758,19210.0
224,0.09774379241637124,-0.7024038547395457,-0.2914819697554913,-0.7024038547395457,5.117179383036131,2.126310800169476,-0.2914819697554913,2.126310800169476,0.8840313241726521,18910.0
225,0.03833116878550241,0.40715607982342755,0.2150516864434849,0.40715607982342755,4.42323371729559,2.333586825969397,0.2150516864434849,2.333586825969397,1.2323477422223332,18610.0
226,0.44842994815077875,1.2430701315776471,0.8191715378976648,1.2430701315776471,3.449380737809594,2.272025262753113,0.8191715378976648,2.272025262753113,1.4989547119159212,18310.0
227,1.2214068023774165,1.6921791374973303,1.4141554434292796,1.6921791374973303,2.345173311201642,1.958255254043888,1.4141554434292796,1.958255254043888,1.6394259206646102,18010.0
228,2.2148287606557626,1.6835092240428244,1.8961904074971463,1.6835092240428244,1.2806833188789655,1.4397755637627603,1.8961904074971463,1.4397755637627603,1.6258209811907163,17710.0
229,3.251523023576419,1.1963575906690695,2.169124661394962,1.1963575906690695,0.44187922012515246,0.7963512728050995,2.169124661394962,0.7963512728050995,1.4497182874027057,17410.0
230,4.121681571359065,0.27764534262460594,2.1539791365818797,0.27764534262460594,0.021054323249129266,0.14336487987081256,2.1539791365818797,0.14336487987081256,1.1283253277172867,17110.0
231,4.596247486520169,-0.9307125801697342,1.8083691692593211,-0.9307125801697342,0.1913489897121546,-0.367639865851113,1.8083691692593211,-0.367639865851113,0.7138592446037517,16810.0
232,4.469224644776896,-2.1633121179358943,1.1599480484024445,-2.1633121179358943,1.0504006069240497,-0.562371438358522,1.1599480484024445,-0.562371438358522,0.3029161238338075,16510.0
233,3.6484675211318804,-3.032905071263649,0.3484633131216668,-3.032905071263649,2.524727617013804,-0.28974848935482134,0.3484633131216668,-0.28974848935482134,0.03461150384962188,16210.0
234,2.287213544479895,-3.122136052336504,-0.3551436566021408,-3.122136052336504,4.265887751826147,0.4858326943503747,-0.3551436566021408,0.4858326943503747,0.05619961333867355,15910.0
235,0.8655158301438333,-2.210175951015151,-0.6163237535011675,-2.210175951015151,5.650767204222038,1.5769917792482095,-0.6163237535011675,1.5769917792482095,0.44049083362536307,15610.0
236,0.04841988334533266,-0.5364517120627499,-0.2278178375867738,-0.5364517120627499,6.031618573117056,2.5645283627696025,-0.2278178375867738,2.5645283627696025,1.0905753910977507,15310.0
237,0.27525135433815373,1.1921273950207196,0.690554481795011,1.1921273950207196,5.175860007654974,2.9990151782239645,0.690554481795011,2.9990151782239645,1.7381094148458347,15010.0
238,1.407843253913707,2.2162916932959336,1.7163792360942587,2.2162916932959336,3.4907414969207706,2.704533869124531,1.7163792360942587,2.704533869124531,2.096403346002709,14710.0
239,2.838213388397244,2.218864117071577,2.4064939833632644,2.218864117071577,1.7351767289316358,1.8827816264029922,2.4064939833632644,1.8827816264029922,2.044718004231553,14410.0
240,3.9375405427499284,1.4200914034505916,2.5584232735604955,1.4200914034505916,0.5125190556698646,0.9234772909755745,2.5584232735604955,0.9234772909755745,1.6668216269108729,14110.0
241,4.385327564284457,0.29436046433964047,2.2386110744712777,0.29436046433964047,0.020346428182058663,0.15062891817754684,2.2386110744712777,0.15062891817754684,1.1470106224380274,13810.0
242,4.1907097607921076,-0.7367756148812765,1.6501736194868708,-0.7367756148812765,0.13056253364152412,-0.2898937162216217,1.6501736194868708,-0.2898937162216217,0.6534225226087371,13510.0
243,3.5473968070788002,-1.4370522053511119,1.0002260430857655,-1.4370522053511119,0.5837931367218872,-0.40483357387500307,1.0002260430857655,-0.40483357387500307,0.28483721806451523,13210.0
244,2.690820583750979,-1.7441927968760986,0.4347749194571604,-1.7441927968760986,1.133077424761462,-0.28107595029456384,0.4347749194571604,-0.28107595029456384,0.07225211803700883,12910.0
245,1.8184181242493247,-1.7061968701620314,0.028927320085536494,-1.7061968701620314,1.6046712950051378,-0.025744989625946815,0.028927320085536494,-0.025744989625946815,0.0018787300498695845,12610.0
246,1.063735784198498,-1.4211149416706466,-0.19789683071160596,-1.4211149416706466,1.9045658472679274,0.26684500342446194,-0.19789683071160596,0.26684500342446194,0.038104654209991186,12310.0
247,0.4993379121567806,-0.9971869062378806,-0.26186073484517763,-0.9971869062378806,2.00227170020032,0.527588133814205,-0.26186073484517763,0.527588133814205,0.139354033224063,12010.0
248,0.1501611234225671,-0.5316990426226619,-0.19805254191041616,-0.5316990426226619,1.910223421271726,0.7136035560142839,-0.19805254191041616,0.7136035560142839,0.2669764637173143,11710.0
249,0.007912434055029114,-0.10227776301125663,-0.04905593599533098,-0.10227776301125663,1.6663328081965787,0.8044633924194315,-0.04905593599533098,0.8044633924194315,0.38930726803037696,11410.0
250,0.04287077363006014,0.23493966362988178,0.14199652940327914,0.23493966362988178,1.3215266091289906,0.7972540192096835,0.14199652940327914,0.7972540192096835,0.4829360761333815,11110.0
251,0.21226655736423308,0.4440336722684359,0.33522078755326223,0.4440336722684359,0.9318106449443492,0.702149119236919,0.33522078755326223,0.702149119236919,0.5326233506411708,10810.0
252,0.465550208131519,0.5072858345457355,0.49588356152585283,0.5072858345457355,0.553710440201341,0.5391374785268588,0.49588356152585283,0.5391374785268588,0.5307892030614562,10510.0
253,0.7472997283463978,0.4239407774447617,0.5955049007311941,0.4239407774447617,0.24175790981396902,0.33603242080899415,0.5955049007311941,0.33603242080899415,0.47717604255527046,10210.0
254,0.998905278255556,0.21084540098422883,0.6132470154908266,0.21084540098422883,0.046425549062656495,0.12752654121864263,0.6132470154908266,0.12752654121864263,0.3790978752464246,9910.0
255,1.1609921261045468,-0.09439368494984546,0.5388368511053694,-0.09439368494984546,0.010220306051595861,-0.04552216808210143,0.5388368511053694,-0.04552216808210143,0.252469983451029,9610.0
256,1.180082987803386,-0.4285076554039874,0.37828409113752504,-0.4285076554039874,0.1586092854895392,-0.13857395146183984,0.37828409113752504,-0.13857395146183984,0.1232235062582591,9310.0
257,1.0244902439720194,-0.7006218448662136,0.16240481188918526,-0.7006218448662136,0.4824552521778013,-0.11150215207233122,0.16240481188918526,-0.11150215207233122,0.027207786603896333,9010.0
258,0.7118711787483682,-0.8050302924083337,-0.04651689764836244,-0.8050302924083337,0.9140460687834959,0.05320615880344711,-0.04651689764836244,0.05320615880344711,0.004156340820303365,8710.0
259,0.3363312067710522,-0.6638105439329092,-0.1631072876709473,-0.6638105439329092,1.315198958273792,0.3240984980479057,-0.1631072876709473,0.3240984980479057,0.08042727345885152,8410.0
260,0.05767804318435894,-0.29359438931287674,-0.11731526851807064,-0.29359438931287674,1.5142561340700769,0.6070228016031148,-0.11731526851807064,0.6070228016031148,0.24355527037891833,8110.0
261,0.019103795340076897,0.16102955467849833,0.08915173280388841,0.16102955467849833,1.4054797337502523,0.7781399055083902,0.08915173280388841,0.7781399055083902,0.43107538344981794,7810.0
262,0.23866797207850868,0.4969725623395336,0.3641318641604883,0.4969725623395336,1.0377821023581568,0.7615173709802764,0.3641318641604883,0.7615173709802764,0.5595288160382075,7510.0
263,0.5899954520140105,0.5878124019325968,0.5819586531055728,0.5878124019325968,0.5863588742633163,0.5815276024482912,0.5819586531055728,0.5815276024482912,0.5782198058078117,7210.0
264,0.9006114099794198,0.45108024842904854,0.6651115042377548,0.45108024842904854,0.2262839327780137,0.33410072441570365,0.6651115042377548,0.33410072441570365,0.4957017133031887,6910.0
265,1.060358201129664,0.19808397193692806,0.6136947119974471,0.19808397193692806,0.0375031342834506,0.11514876310218403,0.6136947119974471,0.11514876310218403,0.35961236011615755,6610.0
266,1.0521418697065692,-0.05483229096542933,0.47744068913115273,-0.05483229096542933,0.003759027176903628,-0.024567223537116288,0.47744068913115273,-0.024567223537116288,0.22058079902645691,6310.0
267,0.9200550146714899,-0.23702400224275866,0.314675555518043,-0.23702400224275866,0.06257142989292361,-0.08065432193650443,0.314675555518043,-0.08065432193650443,0.11078040594125516,6010.0
268,0.7261706278847712,-0.32793066541050625,0.16802786397111932,-0.32793066541050625,0.15047083089404567,-0.07509558145314166,0.16802786397111932,-0.07509558145314166,0.041209202410163,5710.0
269,0.523246293958538,-0.33975319433994455,0.05881010164683726,-0.33975319433994455,0.22429792468696166,-0.036764415681867925,0.05881010164683726,-0.036764415681867925,0.00828236993850955,5410.0
270,0.34504273775506994,-0.29850310583653056,-0.008705731609455628,-0.29850310583653056,0.26401761320681477,0.009923035624250866,-0.008705731609455628,0.009923035624250866,0.0016161057282988204,5110.0
271,0.2071263860864455,-0.23109236135560549,-0.04046637965095017,-0.23109236135560549,0.2671075052629326,0.04909975676081448,-0.04046637965095017,0.04909975676081448,0.009649409034630248,4810.0
272,0.1117590650205791,-0.15883837642139984,-0.04676733044523307,-0.15883837642139984,0.24119303973636413,0.07328741547818908,-0.04676733044523307,0.07328741547818908,0.022722470007756543,4510.0
273,0.053290060633727716,-0.09544984219010506,-0.03828623385505022,-0.09544984219010506,0.19788042363973987,0.081407281121054,-0.03828623385505022,0.081407281121054,0.03426480140528044,4210.0
274,0.022572352373358483,-0.04753755611535716,-0.023870381928255368,-0.04753755611535716,0.14857392616982992,0.076369556199731,-0.023870381928255368,0.076369556199731,0.040835342407349394,3910.0
275,0.010034644393815375,-0.016275699128611543,-0.009627623270548348,-0.016275699128611543,0.10214288596562654,0.06290964063706696,-0.009627623270548348,0.06290964063706696,0.04156519132927218,3610.0
276,0.0075048880159001765,0.0006193769935133324,0.0011148055354563437,0.0006193769935133324,0.06402961557149742,0.04592982626830102,0.0011148055354563437,0.04592982626830102,0.037353268926305555,3310.0
277,0.00902935913648625,0.007063251258128817,0.007325370986839964,0.007063251258128817,0.03636975634766397,0.029412008892606013,0.007325370986839964,0.029412008892606013,0.030027383429488158,3010.0
278,0.010960068641603827,0.00718561648330396,0.009517543337448331,0.00718561648330396,0.01873879358402583,0.015884265538530413,0.009517543337448331,0.015884265538530413,0.021606198039982937,2710.0
279,0.01158333131434318,0.004437535799887084,0.008945209678542718,0.004437535799887084,0.009171974919759174,0.006378232723863408,0.008945209678542718,0.006378232723863408,0.013759288425665294,2410.0
280,0.010552441744539358,0.001216248222571941,0.00692791832413382,0.001216248222571941,0.005135316611393309,0.000762013781630055,0.00692791832413382,0.000762013781630055,0.007534083275541754,2110.0
281,0.008333977770123461,-0.0011327394620437527,0.00444840628359099,-0.0011327394620437527,0.004210795058732924,-0.0017350279756000336,0.00444840628359099,-0.0017350279756000336,0.003367487538554713,1810.0
282,0.0057443096240473585,-0.0021526964703698914,0.00207556113769741,-0.0021526964703698914,0.004451145569118325,-0.002037895885966251,0.00207556113769741,-0.002037895885966251,0.0013022087198333399,1510.0
283,0.003525124032149502,-0.0020680376084756934,0.00012917741664599693,-0.0020680376084756934,0.004564581731041386,-0.0009738603614193641,0.00012917741664599693,-0.0009738603614193641,0.0012046415377938461,1210.0
284,0.002005994157591265,-0.0014526597873784023,-0.0011285516670678382,-0.0014526597873784023,0.004038249653066587,0.0007171927445558814,-0.0011285516670678382,0.0007171927445558814,0.0027499691201250272,910.0
285,0.0011122993871340026,-0.0008033277908791237,-0.0015275106459655327,-0.0008033277908791237,0.0030384726476981754,0.002302480849588317,-0.0015275106459655327,0.002302480849588317,0.005183504975273825,610.0
286,0.0006725351364135077,-0.00035225689205720237,-0.001262894529772189,-0.00035225689205720237,0.0020384297140000856,0.0032097719183337182,-0.001262894529772189,0.0032097719183337182,0.007314936082984286,310.0
287,0.0005534571441112668,-0.00017716293994354603,-0.000928508027398026,-0.00017716293994354603,0.0015110695811525864,0.0033861673729354913,-0.000928508027398026,0.0033861673729354913,0.008139816160419928,10.0
