,1,2,3,4,5,6,7,8,9,mx,my,mz,time
0,13754347.526999552,-4748002.079206359,5096669.958289428,-4748002.079206359,6781480.02051941,-7309126.461574803,5096669.958289428,-7309126.461574803,7877869.080864515,8154.83645663975,3953.2543535718346,-4282.596413645074,86110.0
1,10413090.598114358,-3763948.2421927433,4041348.8078603484,-3763948.2421927433,7842055.308491679,-8455668.00973736,4041348.8078603484,-8455668.00973736,9117328.047661092,8898.315263041874,3320.2271918411066,-3600.919079208894,85810.0
2,8288509.164297542,-2174787.430297794,2330565.8663235507,-2174787.430297794,8635529.247260228,-9315162.04208493,2330565.8663235507,-9315162.04208493,10048314.138636054,9440.206813783141,2605.4581738595725,-2830.624199481638,85510.0
3,7583613.962848104,-251476.6134127182,256331.82782468258,-251476.6134127182,9058785.2484905,-9775783.619674865,256331.82782468258,-9775783.619674865,10549562.285205385,9765.534857553383,1834.0370875799608,-1998.7587017854355,85210.0
4,8363609.383151495,1717212.4044628877,-1869841.1463128421,1717212.4044628877,9069431.998123532,-9791206.697899915,-1869841.1463128421,-9791206.697899915,10570454.615870306,9864.275460069588,1031.5726511787022,-1132.939442298872,84910.0
5,10560904.099397087,3442106.796649379,-3735742.0767495916,3442106.796649379,8683761.383648831,-9378435.2219707,-3735742.0767495916,-9378435.2219707,10128717.457687872,9731.105421680442,224.4312827112324,-261.6103852628389,84610.0
6,13971911.999635285,4651152.2635466065,-5047361.679107216,4651152.2635466065,7977212.307617099,-8618339.12976456,-5047361.679107216,-8618339.12976456,9311038.04040814,9365.731937757393,-560.0289241945285,585.7042419562841,84310.0
7,18251500.719120435,5113895.824252769,-5555303.885904964,5113895.824252769,7085156.873657572,-7656552.293187798,-5555303.885904964,-7656552.293187798,8274086.944692032,8773.713957307808,-1293.4063385373431,1378.3423706708497,84010.0
8,22918665.834225334,4676281.527141036,-5092350.216280722,4676281.527141036,6198486.668015363,-6698778.681498712,-5092350.216280722,-6698778.681498712,7239527.490709254,7967.58863671803,-1946.5239875550442,2084.7913143533933,83710.0
9,27389649.31171222,3299555.623324392,-3615513.2331211944,3299555.623324392,5547137.228516494,-5993088.791243666,-3615513.2331211944,-5993088.791243666,6474993.088106512,6968.101536282588,-2490.047607797098,2673.352325279397,83410.0
10,31038597.81904595,1091228.1042785388,-1239570.6980872243,1091228.1042785388,5370912.44217555,-5798494.151885456,-1239570.6980872243,-5798494.151885456,6260238.7138554985,5805.5043276844535,-2895.5112504558765,3113.24481608356,83110.0
11,33280146.94528889,-1676327.3837568832,1742698.095979587,-1676327.3837568832,5880020.497627573,-6342394.559113892,1742698.095979587,-6342394.559113892,6841258.039695363,4520.67571514918,-3136.9842514383613,3376.40308107706,82810.0
12,33681524.67295592,-4567073.1430716235,4861584.317624337,-4567073.1430716235,7203461.825090337,-7764876.39413737,4861584.317624337,-7764876.39413737,8370168.520430061,3165.3316080699224,-3193.428684773299,3440.0200135068685,82510.0
13,32097628.313881774,-7024909.592130654,7517235.801104525,-7024909.592130654,9329691.192806892,-10054588.817675622,7517235.801104525,-10054588.817675622,10835916.34021023,1800.6845259542727,-3051.3232670628963,3289.3814799106776,82210.0
14,28780214.937653396,-8476497.106379218,9090404.10210666,-8476497.106379218,12061431.47560553,-12999774.237682968,9090404.10210666,-12999774.237682968,14011208.177597398,494.56230797705985,-2706.9748232654483,2920.3665904064746,81910.0
15,24395025.060404852,-8478458.306823833,9101270.069132963,-8478458.306823833,15013656.74890974,-16185798.163871953,9101270.069132963,-16185798.163871953,17449528.750766337,-682.5861769720824,-2168.167565952353,2341.2355620439994,81610.0
16,19907926.60507195,-6862530.854824123,7366319.259306291,-6862530.854824123,17671890.368899096,-19057774.54775973,7366319.259306291,-19057774.54775973,20552412.722065367,-1662.4229691596208,-1455.0550475596112,1573.6017375180854,81310.0
17,16357358.655863594,-3822686.4032200384,4092814.775922012,-3822686.4032200384,19503115.754722036,-21040086.6661698,4092814.775922012,-21040086.6661698,22698242.913776796,-2384.0913625776434,-600.1758748547138,652.4592420988083,81010.0
18,14576318.03537259,93365.6409247096,-129817.55181573682,93365.6409247096,20090446.263709106,-21681739.96428225,-129817.55181573682,-21681739.96428225,23399132.46064622,-2799.9353853600146,352.7604921439678,-375.115953668198,80710.0
19,14946430.108834347,4099020.823272103,-4453437.973648247,4099020.823272103,19252686.397053033,-20785621.290062476,-4453437.973648247,-20785621.290062476,22440667.30268657,-2880.7418031060083,1351.556436639044,-1452.8506928984539,80410.0
20,17272200.581470612,7367661.945581489,-7985576.103842596,7367661.945581489,17106517.594220538,-18476005.15380015,-7985576.103842596,-18476005.15380015,19955185.1036764,-2619.5391631823427,2339.5711463375583,-2519.6323474697965,80110.0
21,20832999.94557109,9253708.531881979,-10028089.15843803,9253708.531881979,14042912.365470778,-15173539.479731806,-10028089.15843803,-15173539.479731806,16395254.510842657,-2033.02586395958,3260.73880510893,-3514.9216222956575,79810.0
22,24599015.577206902,9459025.09110023,-10257177.334820973,9459025.09110023,10623050.443099195,-11483250.655713184,-10257177.334820973,-11483250.655713184,12413169.711516747,-1159.9520410837222,4064.752739688761,-4384.350540590471,79510.0
23,27534796.381158113,8090370.942872927,-8785987.761309437,8090370.942872927,7429389.154076947,-8033935.388144131,-8785987.761309437,-8033935.388144131,8687749.277087824,-56.655857562021154,4711.387773623576,-5084.396008787151,79210.0
24,28885666.6568573,5593328.76914635,-6093883.087084456,5593328.76914635,4921584.06601888,-5322540.527594301,-6093883.087084456,-5322540.527594301,5756252.00580018,1209.263016476156,5173.252310250533,-5585.36241675302,78910.0
25,28349027.425636448,2592372.107859897,-2854186.8966745804,2592372.107859897,3344390.193510655,-3614451.560000087,-2854186.8966745804,-3614451.560000087,3906425.2399353944,2565.9646947742463,5436.701945043399,-5872.381557124468,78610.0
26,26079274.686667483,-296742.4729303061,268270.86560651154,-296742.4729303061,2713949.9424081757,-2928319.469279005,268270.86560651154,-2928319.469279005,3159725.2492617005,3943.9609540988736,5500.933168154068,-5944.447687912281,78310.0
27,22553328.78961992,-2607980.31559726,2769594.286966284,-2607980.31559726,2873243.038051846,-3095619.760499548,2769594.286966284,-3095619.760499548,3335287.8785805013,5281.15353024256,5375.573753041246,-5811.827158408625,78010.0
28,18385312.638285935,-4080875.2697933787,4367461.581143858,-4080875.2697933787,3577248.9044631408,-3852447.341441125,4367461.581143858,-3852447.341441125,4148871.5866027987,6525.528017209372,5077.51940708796,-5492.649938836831,77710.0
29,14173850.323572775,-4643461.399911857,4983010.788736152,-4643461.399911857,4567855.483311132,-4920391.809424725,4983010.788736152,-4920391.809424725,5300173.800947646,7635.5578234904215,4627.919339715537,-5009.657288796066,77410.0
30,10418334.65312689,-4359794.336863665,4684372.768292927,-4359794.336863665,5619082.905214866,-6055447.714592485,4684372.768292927,-6055447.714592485,6525727.72126337,8579.041133158255,4049.9204432108945,-4387.764978344534,77110.0
31,7496329.920727417,-3377076.859685377,3629654.4950912497,-3377076.859685377,6553682.501291363,-7066034.099727368,3629654.4950912497,-7066034.099727368,7618463.188658595,9331.282681548824,3367.373812927512,-3652.6637422179265,76810.0
32,5671650.730768745,-1889908.7381353774,2028341.2073101704,-1889908.7381353774,7243603.711324901,-7813570.0036804145,2028341.2073101704,-7813570.0036804145,8428405.09027135,9873.379346988468,2604.3676354165477,-2830.3117491202647,76510.0
33,5106516.728286651,-120960.2311535783,120414.7221787253,-120960.2311535783,7606514.334621062,-8208757.739342796,120414.7221787253,-8208757.739342796,8858704.004777614,10190.998324170292,1785.2890338149239,-1946.9989038986103,76210.0
34,5866517.930662436,1689656.7788420215,-1835127.218777795,1689656.7788420215,7604150.11592085,-8209822.873278187,-1835127.218777795,-8209822.873278187,8863759.586789366,10273.736506598265,935.1613480233809,-1029.7095622303573,75910.0
35,7916510.618168101,3292862.8311498696,-3569407.7578999037,3292862.8311498696,7243765.86343043,-7824097.089324363,-3569407.7578999037,-7824097.089324363,8450946.925182834,10115.058612998946,80.09484364935408,-106.60881484140954,75610.0
36,11108170.408741334,4441890.747216263,-4815818.917663817,4441890.747216263,6582460.506618358,-7112708.354236121,-4815818.917663817,-7112708.354236121,7685702.469064286,9712.822091388509,-752.2799838978974,792.4888413752575,75310.0
37,15162851.085962452,4911662.883552259,-5330899.038006154,4911662.883552259,5732824.361806059,-6196714.512601938,-5330899.038006154,-6196714.512601938,6698185.493876985,9070.378055875735,-1532.5492096416374,1635.8332685986743,75010.0
38,19659626.031104203,4530813.072926957,-4928867.610280167,4530813.072926957,4865696.851394724,-5260143.9094808595,-4928867.610280167,-5260143.9094808595,5686629.095898727,8198.161353363806,-2229.5957825847745,2389.822206883609,74710.0
39,24045774.08070745,3226410.1144652185,-3529913.250732583,3226410.1144652185,4202720.762877891,-4542049.203306626,-3529913.250732583,-4542049.203306626,4908861.040215382,7115.564469207777,-2811.183814224613,3019.628134260497,74410.0
40,27687175.67490885,1071089.6508029595,-1211159.8070726884,1071089.6508029595,3991226.2704302124,-4309495.397885258,-1211159.8070726884,-4309495.397885258,4653253.225575203,5852.835256105974,-3245.1336039300127,3490.462576340876,74110.0
41,29959898.61020171,-1683751.084700791,1757327.9094511874,-1683751.084700791,4460601.476243162,-4810540.245094615,1757327.9094511874,-4810540.245094615,5188048.983561693,4452.767536267279,-3501.2071869141787,3769.6075879071245,73810.0
42,30377048.73618161,-4601300.098017318,4905112.47813796,-4601300.098017318,5763239.10466573,-6210517.082053974,4905112.47813796,-6210517.082053974,6692614.222338909,2971.607649522841,-3553.8816379701852,3829.4068509230415,73510.0
43,28743486.82592973,-7098301.836623796,7603133.839806355,-7098301.836623796,7905286.76152729,-8517223.359378232,7603133.839806355,-8517223.359378232,9176618.236029712,1478.2076051212184,-3385.8046800392685,3650.996623170077,73210.0
44,25295522.622863885,-8552933.158589624,9179850.29001357,-8552933.158589624,10687845.369919194,-11517247.510500304,9179850.29001357,-11517247.510500304,12411086.748390837,50.87598978044033,-2991.2085768598868,3227.9962707898635,72910.0
45,20743341.8612174,-8475409.118638383,9105270.775076268,-8475409.118638383,13695336.391203271,-14763074.914020268,9105270.775076268,-14763074.914020268,15914119.973424848,-1227.8008571329606,-2378.5370784610154,2569.35358435453,72610.0
46,16150535.092099871,-6687755.009438533,7185204.362522059,-6687755.009438533,16359731.804687696,-17642046.09510843,7185204.362522059,-17642046.09510843,19024924.62149485,-2277.545601496637,-1571.8630710819193,1700.8878311889302,72310.0
47,12657902.613298329,-3434583.232456363,3681361.348157892,-3434583.232456363,18096703.340148658,-19523067.71606998,3681361.348157892,-19523067.71606998,21061904.517779514,-3027.8790414550085,-610.8242173312034,665.2352272540674,72010.0
48,11136858.034542663,634893.1003828242,-707366.7004669759,634893.1003828242,18474055.108302657,-19938420.87218627,-707366.7004669759,-19938420.87218627,21518905.374782957,-3425.846413306185,451.3125149423374,-480.22438842009353,71710.0
49,11898701.546876665,4627345.631782281,-5017523.781666184,4627345.631782281,17352915.71666593,-18736455.14250843,-5017523.781666184,-18736455.14250843,20230345.88438122,-3442.736277315274,1551.6898211148343,-1667.7129569585209,71410.0
50,14582702.9391853,7664106.129908036,-8300136.180272402,7664106.129908036,14942693.212178383,-16141410.750467557,-8300136.180272402,-16141410.750467557,17436332.904567778,-3078.2948413395125,2623.7292840818827,-2825.379836686629,71110.0
51,18281352.56691201,9142188.580075156,-9902654.733451657,9142188.580075156,11740730.326180618,-12688814.440541303,-9902654.733451657,-12688814.440541303,13713502.292824425,-2361.1389206907907,3603.9874179705776,-3884.7000369261937,70810.0
52,21854296.58951449,8894884.330908034,-9642892.709897641,8894884.330908034,8378470.410266959,-9059783.356922505,-9642892.709897641,-9059783.356922505,9796547.961942334,-1344.8808208424848,4438.624975263844,-4787.463622757542,70510.0
53,24300751.092583567,7194503.828120806,-7812727.682778172,7194503.828120806,5435642.6253428785,-5880501.479476377,-7812727.682778172,-5880501.479476377,6361826.7276499355,-100.80340035725975,5088.120953417167,-5490.87762837035,70210.0
54,25040252.439908486,4608529.035510786,-5023423.829802337,4608529.035510786,3294521.919424811,-3564651.350209877,-5023423.829802337,-3564651.350209877,3857003.4901882494,1291.2166399919215,5529.455053066247,-5969.939403213649,69910.0
55,24000416.99725952,1783857.959584047,-1972966.2116045873,1783857.959584047,2084805.857313801,-2253494.334802419,-1972966.2116045873,-2253494.334802419,2435921.2777607813,2751.674486518541,5755.621998208188,-6216.930323056384,69610.0
56,21513174.29915343,-740593.3688971772,756385.2943952705,-740593.3688971772,1722519.311017727,-1857481.4551676014,756385.2943952705,-1857481.4551676014,2003102.4291725708,4208.55293692258,5772.903334713722,-6238.48573137088,69310.0
57,18115370.075772114,-2627053.5819411045,2799035.548244495,-2627053.5819411045,2000740.621362255,-2153978.127140797,2799035.548244495,-2153978.127140797,2319010.593468229,5601.389527289528,5596.898601388023,-6051.319937855204,69010.0
58,14365505.23525946,-3737559.624789713,4004978.709167541,-3737559.624789713,2679161.399615406,-2883919.331249138,4004978.709167541,-2883919.331249138,3104362.666197864,6882.202392400557,5248.556805008732,-5677.945275193513,68710.0
59,10736315.424830507,-4080058.6302471054,4381846.577168654,-4080058.6302471054,3541592.4353522635,-3813977.635184571,4381846.577168654,-3813977.635184571,4107336.2608901234,8014.166870954687,4751.108823322003,-5143.35893366078,68410.0
60,7583570.530869703,-3746481.241857126,4028139.944057923,-3746481.241857126,4418101.022755637,-4760577.664972635,4028139.944057923,-4760577.664972635,5129619.680128988,8969.252098898394,4128.223801976914,-4473.048639463714,68110.0
61,5160432.604891765,-2868314.9317350597,3085254.7057260275,-2868314.9317350597,5184057.383259738,-5588955.922215461,3085254.7057260275,-5588955.922215461,6025493.287970679,9725.809463831807,3403.261795774033,-3692.181294867897,67810.0
62,3644877.359096755,-1594877.4024345523,1713979.67427869,-1594877.4024345523,5750675.209927114,-6202995.703747777,1713979.67427869,-6202995.703747777,6690906.479687817,10266.67219246403,2599.2872932010155,-2825.613778157518,67510.0
63,3160055.2127091796,-88548.60367999277,89310.06473624332,-88548.60367999277,6056730.955229646,-6536300.203800679,89310.06473624332,-6536300.203800679,7053854.266845583,10577.955462560623,1739.5196288956306,-1898.3766275286262,67210.0
64,3778241.6640287726,1471742.5107868225,-1595797.7956444104,1471742.5107868225,6066276.15607996,-6549716.673541701,-1595797.7956444104,-6549716.673541701,7071697.832833327,10648.571763854727,847.9781704791762,-936.3693536167219,66910.0
65,5507943.743114697,2887974.5134361675,-3127655.9545017243,2887974.5134361675,5773191.153697251,-6236245.543788002,-3127655.9545017243,-6236245.543788002,6736456.739640223,10470.38828485677,-49.84846263339039,32.91702674525334,66610.0
66,8270421.803316725,3947728.9222804555,-4276865.0721680075,3947728.9222804555,5210174.658603249,-5630751.146764084,-4276865.0721680075,-5630751.146764084,6085298.55501186,10038.94984655201,-926.4001450345639,979.7485917217515,66310.0
67,11872112.399808947,4439090.807290076,-4814339.673498192,4439090.807290076,4459137.800736307,-4821208.709643592,-4814339.673498192,-4821208.709643592,5212708.5858934065,9354.780050483609,-1751.584204968893,1871.6483601277926,66010.0
68,15979313.778968455,4178734.796839658,-4541567.713366223,4178734.796839658,3659849.689216685,-3958091.033078802,-4541567.713366223,-3958091.033078802,4280680.736209583,8425.31036884671,-2492.60603955444,2673.20964825897,65710.0
69,20107809.151651908,3056138.005452088,-3338304.9625549014,3056138.005452088,3011138.081419559,-3255753.0244597276,-3338304.9625549014,-3255753.0244597276,3520307.457504541,7267.376408992423,-3114.3328535847295,3346.483662304684,65410.0
70,23649238.623224504,1090762.8614349205,-1224340.698255215,1090762.8614349205,2755293.795618714,-2975715.0465509733,-1224340.698255215,-2975715.0465509733,3213862.3926540995,5910.004834066473,-3580.451615350131,3852.223637843501,65110.0
71,25954517.4086905,-1514159.7840845627,1582292.416888611,-1514159.7840845627,3137152.4097179943,-3382610.3465504125,1582292.416888611,-3382610.3465504125,3647374.067211773,4397.031265545653,-3855.615298692752,4152.195845976366,64810.0
72,26475039.53179204,-4346530.266819501,4637949.213071595,-4346530.266819501,4337906.6752158785,-4672804.6755463,4637949.213071595,-4672804.6755463,5033645.904410143,2788.911121063051,-3908.7351683565057,4212.7289776349335,64510.0
73,24943993.742806777,-6814730.812798743,7304687.077039446,-6814730.812798743,6392883.181318541,-6885602.392166489,7304687.077039446,-6885602.392166489,7416367.463996583,1162.635215003794,-3717.3895831077157,4009.4722401394615,64210.0
74,21552417.89624357,-8258002.96979963,8869034.708562456,-8258002.96979963,9115999.112933723,-9821500.725281449,8869034.708562456,-9821500.725281449,10581658.287554065,-391.4356853647846,-3272.6732590266006,3532.6349549706874,63910.0
75,17025633.06355237,-8140514.790950137,8751276.48156952,-8140514.790950137,12074460.062307067,-13014497.157291219,8751276.48156952,-13014497.157291219,14027765.227007668,-1776.1002311978505,-2583.2993475609255,2791.426517617451,63610.0
76,12501982.704992779,-6271022.110177125,6742751.86148016,-6271022.110177125,14656997.77463831,-15805293.51225363,6742751.86148016,-15805293.51225363,17043591.034628596,-2896.4627255612513,-1677.9203667980012,1816.5793729794136,63310.0
77,9203003.602120088,-2942164.9571743966,3156841.417636812,-2942164.9571743966,16238657.42932111,-17518856.270755567,3156841.417636812,-17518856.270755567,18900015.999611836,-3670.5514873680504,-604.9963087117208,660.2278519190934,63010.0
78,8008016.735914972,1101270.8980594054,-1204437.2963751394,1101270.8980594054,16388390.054663332,-17688513.292353902,-1204437.2963751394,-17688513.292353902,19091809.418621413,-4039.957646329566,570.2963846438106,-607.4064131240281,62710.0
79,9120503.156776665,4881599.921987805,-5286374.957700816,4881599.921987805,15030677.083729446,-16230815.5132447,-5286374.957700816,-16230815.5132447,17526810.06104378,-3978.4184711094895,1772.2402696280174,-1904.6618623914137,62410.0
80,11993806.816907939,7515610.54759314,-8134722.831025568,7515610.54759314,12480831.80707112,-13484286.096618418,-8134722.831025568,-13484286.096618418,14568447.399137134,-3496.0412181431,2923.120060639103,-3147.648337707652,62110.0
81,15562393.486370243,8504627.422261273,-9209186.525348859,8504627.422261273,9330627.373966254,-10086568.840965286,-9209186.525348859,-10086568.840965286,10903785.57955017,-2637.569162769957,3952.465617307121,-4260.225569652394,61810.0
82,18664927.62386055,7856997.741078663,-8516455.779435484,7856997.741078663,6237490.293637969,-6747172.017598758,-8516455.779435484,-6747172.017598758,7298535.961034745,-1474.8068566591544,4804.802697207031,-5182.3828630414055,61510.0
83,20451386.174778227,6002351.216342272,-6518487.512502418,6002351.216342272,3716720.926754033,-4023063.5850016056,-6518487.512502418,-4023063.5850016056,4354698.5592110595,-95.22347212010682,5444.158677631245,-5875.124334645176,61210.0
84,20591866.46621244,3565330.676433125,-3888735.169698628,3565330.676433125,2026287.954278633,-2193890.2397054993,-3888735.169698628,-2193890.2397054993,2375412.4169926816,1410.308846018225,5854.651068159303,-6321.128448559641,60910.0
85,19234948.663422137,1129540.0394473092,-1257319.784597858,1129540.0394473092,1173899.7199318816,-1269136.7920607324,-1257319.784597858,-1269136.7920607324,1372172.4415923036,2957.7427581235843,6037.606901357476,-6521.6596752532905,60610.0
86,16809599.83060746,-902554.6048242421,940560.2632657406,-902554.6048242421,1005925.4380934819,-1083809.2154863526,940560.2632657406,-1083809.2154863526,1167786.8102036177,4476.04909572172,6006.622598832714,-6491.249500780361,60310.0
87,13815458.080891555,-2332813.985767952,2490074.3420963557,-2332813.985767952,1309687.0984431931,-1408781.2210905391,2490074.3420963557,-1408781.2210905391,1515411.5949405439,5909.039449604546,5782.375154236656,-6252.100340661457,60010.0
88,10690819.06554615,-3118964.8228358594,3344725.0256334604,-3118964.8228358594,1883461.7958109884,-2026437.5105536005,3344725.0256334604,-2026437.5105536005,2180288.832529007,7214.007859923296,5388.535890257126,-5829.67298869345,59710.0
89,7767079.94715205,-3310083.753590278,3556813.706841537,-3310083.753590278,2566095.709640999,-2762762.2448946536,3556813.706841537,-2762762.2448946536,2974515.500980799,8358.903032847396,4849.2587311229545,-5249.97033219361,59410.0
90,5275988.890962054,-2997401.517936875,3224334.0335344123,-2997401.517936875,3239799.5599433826,-3490454.3935273318,3224334.0335344123,-3490454.3935273318,3760511.9271724126,9319.362776320713,4188.035820362347,-4538.296419029963,59110.0
91,3375382.4687078157,-2286630.589750584,2461056.340996597,-2286630.589750584,3821910.922478818,-4120093.05578491,2461056.340996597,-4120093.05578491,4441547.3265521275,10076.268862103265,3427.465438556589,-3719.001111691232,58810.0
92,2174997.633120957,-1286487.546797167,1384089.2496627388,-1286487.546797167,4254915.108593536,-4589390.983285007,1384089.2496627388,-4589390.983285007,4950167.1180305015,10613.975629960107,2589.5434653647485,-2815.791093620719,58510.0
93,1755958.1751212827,-107827.3935702608,112906.37494582667,-107827.3935702608,4498300.065640749,-4854406.115084483,112906.37494582667,-4854406.115084483,5238710.354541532,10919.171040413376,1696.2578191667967,-1852.3691121316265,58210.0
94,2179862.08341927,1130021.1809638764,-1223834.8990317592,1130021.1809638764,4524263.080839379,-4884895.606622586,-1223834.8990317592,-4884895.606622586,5274282.18040821,10980.345463445625,770.3717136278888,-853.2782053354883,57910.0
95,3483056.979326116,2289715.5718463226,-2477986.340913863,2289715.5718463226,4319275.495028789,-4665985.42431317,-2477986.340913863,-4665985.42431317,5040535.082968809,10787.89134416325,-163.6940096005056,155.14589060033285,57610.0
96,5653545.895511202,3209338.2898436054,-3474782.353357645,3209338.2898436054,3892674.967403237,-4207429.912649123,-3474782.353357645,-4207429.912649123,4547647.475300655,10334.881492870603,-1078.9845849311193,1143.8274935937206,57310.0
97,8594200.603714757,3706624.80816252,-4017329.164586843,3706624.80816252,3290830.1949024783,-3558906.5965015623,-4017329.164586843,-3558906.5965015623,3848838.5895069786,9618.554589896612,-1945.2687716171895,2080.1466490316475,57010.0
98,12082642.955484554,3599667.560100025,-3908868.105720482,3599667.560100025,2612305.6886383067,-2826423.2506602635,-3908868.105720482,-2826423.2506602635,3058119.333904405,8642.543292153177,-2728.5679833044915,2927.4265172352625,56710.0
99,15740878.257692728,2746930.5430729357,-2995898.3967954023,2746930.5430729357,2017846.5511175874,-2183173.5888987705,-2995898.3967954023,-2183173.5888987705,2362094.0928321835,7419.906135842585,-3391.1801570581606,3644.9530883274615,56410.0
100,19033920.661790144,1106916.8206139314,-1232567.9490060366,1106916.8206139314,1726370.0119490924,-1865330.8699309423,-1232567.9490060366,-1865330.8699309423,2015550.1901160583,5976.871592813384,-3892.575388700859,4188.934305633699,56110.0
101,21326037.300018787,-1191735.2773195875,1243565.3960077642,-1191735.2773195875,1984637.1226408267,-2139457.4412775254,1243565.3960077642,-2139457.4412775254,2306437.424001654,4356.812352715275,-4191.609448463728,4514.8809931088,55810.0
102,22017415.236785747,-3797615.078493934,4054454.7263962403,-3797615.078493934,3001518.9541044217,-3231669.0318413177,4054454.7263962403,-3231669.0318413177,3479535.1830294128,2623.505553912257,-4250.391601055558,4581.774499525614,55510.0
103,20751531.147229187,-6142965.86018577,6588086.652262512,-6142965.86018577,4852801.806430613,-5224887.057810843,6588086.652262512,-5224887.057810843,5625553.4111797055,862.2582981284573,-4039.8700983855424,4358.092266777621,55210.0
104,17636936.894563265,-7548551.892628361,8111212.725925071,-7548551.892628361,7384387.257604624,-7954163.1909020385,8111212.725925071,-7954163.1909020385,8567942.28739321,-822.9126233603155,-3546.544760918707,3829.057608496108,54910.0
105,13370177.431042938,-7438636.652405072,8001108.984086841,-7438636.652405072,10167414.181887118,-10957818.938109912,8001108.984086841,-10957818.938109912,11809700.539755119,-2317.261289681286,-2778.730567871514,3003.4152453080364,54610.0
106,9124074.575942665,-5604550.434285314,6030240.225709414,-5604550.434285314,12566410.978780694,-13550470.172336703,6030240.225709414,-13550470.172336703,14611616.114902744,-3507.947250502593,-1770.3878703671626,1917.5900442675008,54310.0
107,6163065.6570002055,-2377369.935813611,2553382.252804849,-2377369.935813611,13934509.251558188,-15033357.152542522,2553382.252804849,-15033357.152542522,16218880.937304629,-4299.287441718466,-580.9775016507589,635.5610729913648,54010.0
108,5332611.534697141,1422662.2316352883,-1545946.7666193922,1422662.2316352883,13863813.137014668,-14964643.502173802,-1545946.7666193922,-14964643.502173802,16152903.88859366,-4627.644780780287,709.482887185623,-756.443872263642,53710.0
109,6693301.946344637,4777001.685513198,-5168657.014212727,4777001.685513198,12361730.730434285,-13350292.313334629,-5168657.014212727,-13350292.313334629,14417927.94989894,-4472.258676917762,2009.9608608407282,-2160.2243740361437,53410.0
110,9518772.469321128,6865184.827093375,-7427857.246008938,6865184.827093375,9848326.888691219,-10641999.23975942,-7427857.246008938,-10641999.23975942,11499652.093066309,-3858.5200452020154,3230.81808734818,-3478.992497379537,53110.0
111,12662168.538469264,7355275.502223577,-7963033.709100955,7355275.502223577,6971657.952237401,-7538481.972105138,-7963033.709100955,-7538481.972105138,8151410.530335288,-2852.1252716701956,4295.954884250663,-4630.490810010421,52810.0
112,15068628.958332028,6443413.058649561,-6983752.874531246,6443413.058649561,4347603.293638193,-4704787.266315002,-6983752.874531246,-4704787.266315002,5091338.120432832,-1545.747246196492,5151.35803966449,-5556.243712155214,52510.0
113,16143396.564560778,4659559.369915677,-5060760.312057018,4659559.369915677,2365724.638464562,-2562387.723916782,-5060760.312057018,-2562387.723916782,2775427.069286575,-42.47348452636888,5768.082529487253,-6224.808280858485,52210.0
114,15820210.727628106,2591291.7585724643,-2828036.3788657337,2591291.7585724643,1141008.7072648488,-1236550.7039329107,-2828036.3788657337,-1236550.7039329107,1340132.2927016323,1559.0905752545018,6139.776732765702,-6629.133191944572,51910.0
115,14392328.960818231,686211.3339702995,-769218.2980955741,686211.3339702995,587207.1652099935,-635091.3510843825,-769218.2980955741,-635091.3510843825,686934.2469470528,3174.475489501385,6276.683955533154,-6780.104466775325,51610.0
116,12282785.092994168,-808221.0933390908,847788.3085354212,-808221.0933390908,528500.0650833031,-568759.0398793605,847788.3085354212,-568759.0398793605,612128.7542179393,4736.836571337662,6198.836104944587,-6699.2071006079395,51310.0
117,9884241.724354194,-1808547.9616565122,1932130.8651098222,-1808547.9616565122,783618.9051629516,-842095.058616391,1932130.8651098222,-842095.058616391,904957.7627832217,6195.816025927684,5930.533756402624,-6412.565719917918,51010.0
118,7495202.684616146,-2330086.882750554,2499743.4772638003,-2330086.882750554,1204924.613410184,-1295736.0262209643,2499743.4772638003,-1295736.0262209643,1393403.7275779955,7514.204371093409,5496.878185327283,-5947.195308105011,50710.0
119,5319257.604922422,-2433477.3901097896,2615661.7517775726,-2433477.3901097896,1685510.741179655,-1814186.6279450967,2615661.7517775726,-1814186.6279450967,1952693.3848990772,8664.28239845389,4922.098152363229,-5329.188177735305,50410.0
120,3488912.7363917194,-2193186.330946579,2359986.1325733596,-2193186.330946579,2152083.1391482577,-2318198.405302646,2359986.1325733596,-2318198.405302646,2497141.075089422,9624.754617141662,4229.0590272399995,-4583.178096651039,50110.0
121,2091827.731199073,-1683559.953309307,1812776.79684154,-1683559.953309307,2554742.4061549045,-2753770.9097850206,1812776.79684154,-2753770.9097850206,2968309.0404324094,10378.49104261385,3439.4258055949404,-3732.511706435781,49810.0
122,1191076.831407251,-975645.9761670391,1050583.459703609,-975645.9761670391,2858384.577937298,-3082877.719089873,1050583.459703609,-3082877.719089873,3325005.92259572,10910.993363843027,2574.1552620221364,-2799.776589696234,49510.0
123,837634.4872794432,-139719.88729820197,149146.70633835575,-139719.88729820197,3037115.072211106,-3277432.953832581,149146.70633835575,-3277432.953832581,3536770.06804108,11209.440686580143,1654.1559670029856,-1807.5116522404292,49210.0
124,1075886.9591804475,749618.5626338816,-811113.0097515354,749618.5626338816,3071668.7535968055,-3316496.8443014356,-811113.0097515354,-3316496.8443014356,3580842.825731497,11262.201782613973,701.0578565606806,-779.0366652406907,48910.0
125,1943212.6558029812,1606762.1052205826,-1737882.0784251518,1606762.1052205826,2949447.656326834,-3186303.071695723,-1737882.0784251518,-3186303.071695723,3442183.6247648136,11058.785125950733,-261.89881267003625,260.58847788809237,48610.0
126,3460718.955575266,2326713.2085155346,-2517888.673120682,2326713.2085155346,2668110.229342487,-2884115.5104901795,-2517888.673120682,-2884115.5104901795,3117614.0350756943,10590.345508095583,-1208.836668327748,1283.4546370876292,48310.0
127,5608350.746093119,2778236.3118702,-3009463.079924398,2778236.3118702,2245198.0177720385,-2428603.6134788296,-3009463.079924398,-2428603.6134788296,2626999.9673447637,9850.986123237695,-2110.1447750265006,2257.617546302839,48010.0
128,8281910.051536222,2807591.6006170767,-3046481.444757349,2807591.6006170767,1734592.562516179,-1877609.9960469704,-3046481.444757349,-1877609.9960469704,2032434.1551096002,8840.096315418652,-2931.5143369231,3146.0524818978975,47710.0
129,11242579.384787299,2264010.7527732328,-2465758.191136059,2264010.7527732328,1245098.6805258035,-1348256.2156565392,-2465758.191136059,-1348256.2156565392,1459988.8287961448,7565.866840078309,-3633.428854166396,3906.097024675958,47410.0
130,14082957.22741846,1053017.679149255,-1164521.599802945,1053017.679149255,950431.5641094787,-1027827.3969274503,-1164521.599802945,-1027827.3969274503,1111577.2520133106,6049.990380581538,-4171.557297439594,4489.8659989369935,47110.0
131,16243113.055059765,-786329.2200920781,816194.1000076054,-786329.2200920781,1075605.033912971,-1159236.9388037492,816194.1000076054,-1159236.9388037492,1249434.038984464,4333.2442445989755,-4498.694260793094,4846.334166521294,46810.0
132,17115311.977729462,-3002400.7489695055,3206042.8598429924,-3002400.7489695055,1843278.8005523381,-1983282.1442295364,3206042.8598429924,-1983282.1442295364,2133968.0018476555,2480.9216594480654,-4568.987505622012,4925.887778618927,46510.0
133,16255227.667442724,-5099730.48432574,5471202.385371021,-5099730.48432574,3374427.0310592796,-3631507.414234055,5471202.385371021,-3631507.414234055,3908207.5126255234,586.0770159837532,-4344.880996367085,4687.811008320761,46210.0
134,13650786.887883423,-6419296.853321372,6900479.289777914,-6419296.853321372,5568890.415421013,-5997135.440729947,6900479.289777914,-5997135.440729947,6458337.194563246,-1232.2560429330715,-3806.2942523013226,4110.195792699206,45910.0
135,9908765.73078079,-6363282.240558745,6847497.929497361,-6363282.240558745,8032678.204655185,-8656163.628606366,6847497.929497361,-8656163.628606366,9328062.504896566,-2838.4710844019,-2960.0331979824873,3200.1167061207766,45610.0
136,6171758.360262586,-4702230.044921532,5062349.788830434,-4702230.044921532,10137689.896243313,-10931203.648235044,5062349.788830434,-10931203.648235044,11786844.482853455,-4097.7277732622615,-1846.088489871366,2000.4626477844618,45310.0
137,3687062.122596192,-1785019.0738805747,1919056.9494755655,-1785019.0738805747,11244687.372568622,-12131694.22907756,1919056.9494755655,-12131694.22907756,13088683.784129718,-4898.07420030324,-537.6103032457174,589.9537499599617,45010.0
138,3214952.5523494314,1534703.3829216484,-1662641.697360783,1534703.3829216484,10995039.529743722,-11868898.206342671,-1662641.697360783,-11868898.206342671,12812220.969940133,-5171.538951748997,867.012724494041,-925.3649158653062,44710.0
139,4654737.2549038045,4267357.985647235,-4614592.4607818965,4267357.985647235,9488995.073778199,-10249029.426380351,-4614592.4607818965,-10249029.426380351,11069950.683887182,-4907.408819980282,2258.9789615391246,-2428.0964354352454,44410.0
140,7154677.034098549,5734434.418830752,-6202848.061548405,5734434.418830752,7223541.103144606,-7807081.283989541,-6202848.061548405,-7807081.283989541,8437772.006919019,-4152.539794621351,3536.8989173099244,-3808.7282561086417,44110.0
141,9616188.717837257,5809029.145574585,-6288260.863578569,5809029.145574585,4833876.897113676,-5228306.344977483,-6288260.863578569,-5228306.344977483,5654930.481825767,-2998.2295761975747,4621.9650799706405,-4982.029589098369,43810.0
142,11223839.765818344,4832793.320289024,-5237911.71627062,4832793.320289024,2818306.9759906107,-3051156.513252165,-5237911.71627062,-3051156.513252165,3303255.8083720114,-1558.7693784046303,5465.820993937995,-5895.586427040025,43510.0
143,11680224.0796358,3335377.568188925,-3622805.3102365094,3335377.568188925,1406777.5325262183,-1524847.6393934754,-3622805.3102365094,-1524847.6393934754,1652842.2566003809,50.28844176369159,6049.875721263277,-6529.105035700014,43210.0
144,11113593.316790592,1778221.6356181854,-1941184.1992410664,1778221.6356181854,595230.8726733421,-645922.5757841269,-1941184.1992410664,-645922.5757841269,700954.3209633153,1727.4501803318233,6378.434345210884,-6887.028989677137,42910.0
145,9848357.54774102,444414.65703573846,-499207.28380019485,444414.65703573846,256530.08362561444,-277740.5566867988,-499207.28380019485,-277740.5566867988,300740.7552233774,3391.817680098212,6469.796929052776,-6988.946268758144,42610.0
146,8220104.571524915,-547906.5228265582,574960.7970784387,-547906.5228265582,236883.49571286314,-254565.12364648355,574960.7970784387,-254565.12364648355,273594.27816762996,4982.702387336627,6348.7199931000705,-6861.452960157517,42310.0
147,6491254.661371427,-1185541.04609561,1266548.882886537,-1185541.04609561,405290.6674904749,-435046.2616553327,1266548.882886537,-435046.2616553327,466998.69323131454,6455.821750574667,6041.57085632702,-6532.91625874792,42010.0
148,4838627.729593682,-1505773.3342337909,1615440.9727519765,-1505773.3342337909,666474.551275749,-716285.7366410325,1615440.9727519765,-716285.7366410325,769825.7244757513,7778.8381524278475,5573.890757299687,-6030.835694037773,41710.0
149,3371152.0718996087,-1562584.152100294,1679675.7534095685,-1562584.152100294,956694.2033555435,-1029385.7813766294,1679675.7534095685,-1029385.7813766294,1107604.1936379548,8927.560858747218,4969.527445094871,-5380.899444631661,41410.0
150,2152921.2179595977,-1410146.740284028,1517589.472279655,-1410146.740284028,1234984.968416368,-1330028.5244384278,1517589.472279655,-1330028.5244384278,1432389.0698813305,9883.121558632027,4250.612034673794,-4606.953723108432,41110.0
151,1222459.8040516523,-1096800.9592608034,1181274.2754569023,-1096800.9592608034,1475037.7937230824,-1589724.2064263008,1181274.2754569023,-1589724.2064263008,1713329.637702743,10630.003744579946,3437.9390733255573,-3731.4090095198208,40810.0
152,606636.7066150592,-664598.7508481139,716059.8272354798,-664598.7508481139,1659056.6096593502,-1789182.987321834,716059.8272354798,-1789182.987321834,1929517.402650619,11154.715851926136,2551.5345107544867,-2775.850354992617,40510.0
153,329927.4943584319,-151844.703327817,163236.54731625505,-151844.703327817,1773579.8200371796,-1913800.4420603376,163236.54731625505,-1913800.4420603376,2065108.6181288096,11444.93941549756,1611.3305778218623,-1761.7640088008766,40210.0
154,419604.12699309597,402431.4297854831,-435128.058685477,402431.4297854831,1807106.7450919363,-1951087.1121710546,-435128.058685477,-1951087.1121710546,2106540.6675661034,11489.05986837754,637.9365032227009,-711.3682366814651,39910.0
155,906435.5465672149,952549.8146736997,-1029796.7083142886,952549.8146736997,1749703.834027123,-1890231.7319944387,-1029796.7083142886,-1890231.7319944387,2042047.9685765062,11276.06923701247,-346.4748755509881,351.4300467243796,39610.0
156,1819662.04072038,1439493.4767042366,-1557135.762214337,1439493.4767042366,1595096.8259387112,-1724345.7574267257,-1557135.762214337,-1724345.7574267257,1864069.8618033484,10795.911656854716,-1317.1360646073704,1399.9218871232972,39310.0
157,3174519.719545969,1784430.3091370799,-1932099.4323592798,1784430.3091370799,1345903.9300994226,-1456098.0571466652,-1932099.4323592798,-1456098.0571466652,1575317.5375803213,10040.447470285462,-2245.4843274506584,2403.2987002484338,39010.0
158,4947973.280617364,1884231.3167574732,-2043344.7721773756,1884231.3167574732,1023451.0299243819,-1108298.4538552663,-2043344.7721773756,-1108298.4538552663,1200185.9557381815,9005.391884616241,-3097.8221924784184,3325.202829380342,38710.0
159,7036373.69007764,1616062.2980809787,-1758102.5850435505,1616062.2980809787,684021.063517093,-741443.0796795032,-1758102.5850435505,-741443.0796795032,803698.3632986749,7693.756913611275,-3834.0820910172843,4122.38748055578,38410.0
160,9200757.603757584,865928.3879311328,-952873.4000605141,865928.3879311328,438234.52661696356,-474686.61000958155,-952873.4000605141,-474686.61000958155,514200.6037327545,6121.237479043983,-4407.298033827609,4744.135812145272,38110.0
161,11033010.025370754,-406422.67521335086,416596.78332085285,-406422.67521335086,458720.7706878838,-494250.6408745533,416596.78332085285,-494250.6408745533,532575.0708967808,4323.509174582109,-4764.752164257621,5133.4837374156905,37810.0
162,11999329.257691883,-2075082.7572573829,2215492.489158202,-2075082.7572573829,951661.3654143487,-1022897.9175051159,2215492.489158202,-1022897.9175051159,1099496.7230258225,2364.490192391383,-4852.036206931536,5231.58656717018,37510.0
163,11612519.395465134,-3774359.949548807,4050130.104638087,-3774359.949548807,2071471.2895652992,-2228003.12735732,4050130.104638087,-2228003.12735732,2396382.251724038,343.0455704690705,-4621.188648229569,4986.487284603841,37210.0
164,9720928.506004488,-4928310.897968181,5299252.706622147,-4928310.897968181,3788993.221445567,-4079248.7479398586,5299252.706622147,-4079248.7479398586,4391752.452381381,-1606.3039165965718,-4042.9786061237232,4366.371840978253,36910.0
165,6768409.156069356,-4956207.77393267,5335252.391594731,-4956207.77393267,5785063.502362887,-6233351.375753417,5335252.391594731,-6233351.375753417,6716387.372994833,-3323.7326990695165,-3120.9047531059746,3374.697348424138,36610.0
166,3772049.197919719,-3609496.2041078224,3887860.30525286,-3609496.2041078224,7486805.6853818605,-8072558.04102066,3887860.30525286,-8072558.04102066,8704146.566645293,-4647.672065586579,-1901.5123907226484,2061.373179949269,36310.0
167,1874289.190162323,-1219078.8706013912,1311908.0787558348,-1219078.8706013912,8305430.703108066,-8960787.246582529,1311908.0787558348,-8960787.246582529,9667862.783063358,-5447.107062975396,-474.7804837796866,523.2430530351106,36010.0
168,1696552.3561015483,1399425.6291753713,-1513628.07171133,1399425.6291753713,7957081.069015172,-8590072.755502975,-1513628.07171133,-8590072.755502975,9273425.210761543,-5651.65913394919,1038.5735182121366,-1109.5555570464344,35710.0
169,2996935.2327935873,3379242.684474733,-3652842.0433230777,3379242.684474733,6622398.894224238,-7153633.801448772,-3652842.0433230777,-7153633.801448772,7727488.354668693,-5266.913542800059,2510.0827717120847,-2698.370582865043,35410.0
170,4915358.4808657225,4251385.872083628,-4597886.600753987,4251385.872083628,4811254.153772887,-5200785.757090632,-4597886.600753987,-5200785.757090632,5621859.482036917,-4367.953299749647,3828.453177644893,-4122.94413421922,35110.0
171,6557610.713593935,4076355.007558973,-4412267.394400995,4076355.007558973,3057683.937900107,-3307982.2821015553,-4412267.394400995,-3307982.2821015553,3578774.2257199115,-3074.563951287465,4916.7556030870455,-5300.015707125895,34810.0
172,7425820.993183952,3241420.8163842894,-3512932.871995244,3241420.8163842894,1689960.0524209565,-1830268.0471615747,-3512932.871995244,-1830268.0471615747,1982229.8347612815,-1520.1972462374606,5736.731487616426,-6188.030652514125,34510.0
173,7467029.272712689,2170466.4091957035,-2357232.8092624256,2170466.4091957035,793920.9265733004,-861126.8260366406,-2357232.8092624256,-861126.8260366406,934027.8138712046,172.62603609649426,6282.099504661855,-6779.9658114274,34210.0
174,6883605.465570889,1156775.9503947496,-1262084.9944786364,1156775.9503947496,303302.8293322839,-329632.58186987694,-1262084.9944786364,-329632.58186987694,358257.7740143751,1904.513946733944,6567.127729877292,-7091.020991516895,33910.0
175,5936881.667325004,341886.6775152323,-380759.60626305244,341886.6775152323,101522.09042771388,-110250.51174625038,-380759.60626305244,-110250.51174625038,119748.25391603366,3600.7338100200236,6616.215281325258,-7147.378579316412,33610.0
176,4844040.5352199515,-237381.32545096413,246572.50705503853,-237381.32545096413,80352.58782789129,-86255.87228227642,246572.50705503853,-86255.87228227642,92609.43730636948,5207.17122690704,6456.974566930372,-6978.729869633034,33310.0
177,3752791.985697631,-597694.6627879967,637602.5313036416,-597694.6627879967,159129.8985595733,-170561.59640517368,637602.5313036416,-170561.59640517368,182820.83165651545,6684.92390861481,6116.623841680733,-6614.371139395611,33010.0
178,2751487.5324230064,-775570.8208982634,831563.6459485687,-775570.8208982634,284142.49239056546,-305128.56097891345,831563.6459485687,-305128.56097891345,327667.49123948306,8005.567753647916,5620.550079363261,-6081.643257114036,32710.0
179,1887539.7810115358,-810174.0486251903,870627.4556938708,-810174.0486251903,421970.98099837324,-453811.7178892331,870627.4556938708,-453811.7178892331,488056.7750475004,9147.61173561212,4992.0304681683665,-5405.624047712244,32410.0
180,1183602.8085501639,-736229.6462123815,792224.7016907863,-736229.6462123815,552711.6370740951,-595061.0876355711,792224.7016907863,-595061.0876355711,640656.6184022629,10094.01587632294,4252.493812151729,-4609.405443814988,32110.0
181,649335.9637674378,-582131.5541540772,626979.4269327124,-582131.5541540772,664736.3489025566,-716270.489189473,626979.4269327124,-716270.489189473,771800.8163412113,10830.499628382635,3422.011645937824,-3714.6201203384026,31810.0
182,289399.7473055829,-370471.9756213019,399264.54286882706,-370471.9756213019,751024.514390161,-809817.867619251,399264.54286882706,-809817.867619251,873214.641597976,11344.40286390649,2519.888692420164,-2742.0764424810827,31510.0
183,108822.65272597586,-119711.04306360369,128992.99186957933,-119711.04306360369,806700.9390977522,-870404.8677302438,128992.99186957933,-870404.8677302438,939140.1447620648,11623.936971773654,1565.3159669361055,-1712.461799923651,31210.0
184,116599.88813056912,153430.7960936115,-165807.59868835288,153430.7960936115,827451.7121813876,-893342.4845407445,-165807.59868835288,-893342.4845407445,964480.9027648269,11657.737339818055,578.0985599698136,-647.1271350108774,30910.0
185,327825.52400683635,430778.1721894575,-465551.5831182946,430778.1721894575,808692.5468568789,-873647.1800607934,-465551.5831182946,-873647.1800607934,943819.6971732934,11434.699133402242,-420.5019059287083,431.00420813255135,30610.0
186,763789.336679391,688371.0972756132,-744422.9334948454,688371.0972756132,745703.666795578,-806177.839222411,-744422.9334948454,-806177.839222411,871557.0220835337,10944.159375994923,-1406.7533717207882,1496.3419185701223,30310.0
187,1448093.5325463503,890811.4773341249,-964266.3377499244,890811.4773341249,635476.9665975427,-687617.9729583166,-964266.3377499244,-687617.9729583166,744038.1189983784,10176.599725372533,-2353.209782401752,2519.285272687003,30010.0
188,2395161.9835707275,985135.8902435481,-1067951.9275359623,985135.8902435481,481644.8937238841,-521782.750609746,-1067951.9275359623,-521782.750609746,565267.0965920788,9125.203655092339,-3227.2141411409557,3464.604531312478,29710.0
189,3586587.63801825,897416.0495059125,-975659.5086972486,897416.0495059125,304088.1144252441,-329980.7540484865,-975659.5086972486,-329980.7540484865,358081.8617990217,7788.817817892457,-3989.235512881946,4289.640335217924,29410.0
190,4931705.708572,539344.7553494375,-591907.6083367429,539344.7553494375,153984.5690494834,-167267.9002919603,-591907.6083367429,-167267.9002919603,181709.206835856,6177.121401096695,-4591.409703504832,4942.718501403546,29110.0
191,6217443.744302025,-161014.3280330801,161361.47617633862,-161014.3280330801,130632.79082482621,-140664.29215362904,161361.47617633862,-140664.29215362904,151490.20004913866,4318.843418190786,-4977.279934649892,5362.853769873658,28810.0
192,7084113.199466752,-1189058.5198698938,1269104.8272531042,-1189058.5198698938,382776.94084633,-410724.0505093339,1269104.8272531042,-410724.0505093339,440725.1809645071,2272.9630944819123,-5084.655293586806,5482.812296123941,28510.0
193,7104922.012950717,-2349438.180703018,2521351.3321875655,-2349438.180703018,1061372.3501294083,-1140747.906492517,2521351.3321875655,-1140747.906492517,1226067.2136257426,140.33895343697836,-4854.064413650371,5238.211656070001,28210.0
194,6025073.722816931,-3229028.7484446084,3472764.0521933506,-3229028.7484446084,2204646.4096856886,-2372814.7867125683,3472764.0521933506,-2372814.7867125683,2553816.046492464,-1930.6039739506207,-4244.316547085958,4584.30298274537,27910.0
195,4065556.6080694785,-3334498.9182231617,3590498.028537163,-3334498.9182231617,3607659.481075134,-3886737.3140255525,3590498.028537163,-3886737.3140255525,4187407.7108686175,-3753.4468194550827,-3252.8934684074534,3517.9969262644304,27610.0
196,1996652.021144508,-2414728.0041428953,2602007.148146775,-2414728.0041428953,4816394.280437594,-5193040.038308116,2602007.148146775,-5193040.038308116,5599142.95808972,-5134.997795236356,-1932.7938716944511,2096.1042993816504,27310.0
197,740999.8366852426,-732064.3215796461,788578.0915439661,-732064.3215796461,5348317.805063856,-5770449.216408752,788578.0915439661,-5770449.216408752,6225901.183633247,-5922.447873797701,-394.02503176416366,437.03988774658666,27010.0
198,740061.7611783716,1036426.5553742751,-1119979.242302367,1036426.5553742751,5010329.863083157,-5409219.997836258,-1119979.242302367,-5409219.997836258,5839869.3573023975,-6046.241280975497,1216.5845276954637,-1300.8781571455877,26710.0
199,1688979.6417368345,2244795.8823367646,-2425947.143316282,2244795.8823367646,4016741.1011993084,-4339347.651262809,-2425947.143316282,-4339347.651262809,4687866.3018405,-5535.724766774576,2750.502923554943,-2957.2962078470377,26410.0
200,2881721.797912796,2651939.316210665,-2867715.618089303,2651939.316210665,2797624.089057774,-3024485.9168940308,-2867715.618089303,-3024485.9168940308,3269745.6862193593,-4499.709845910815,4090.560957657294,-4405.548672754999,26110.0
201,3743809.130188534,2419078.730107591,-2618128.3949626437,2419078.730107591,1714269.7156898717,-1854862.6748050936,-2618128.3949626437,-1854862.6748050936,2006987.4736179463,-3085.605894502104,5167.1505002834,-5570.220717674251,25810.0
202,4067936.9923746106,1861776.7316649943,-2017327.6524444711,1861776.7316649943,927434.9894647946,-1004597.6876984803,-2017327.6524444711,-1004597.6876984803,1088181.6561565017,-1440.2092029948412,5955.1881688501135,-6423.949674049096,25510.0
203,3924406.9344118596,1241340.608731921,-1347458.029216323,1241340.608731921,436568.3532314163,-473617.7587407894,-1347458.029216323,-473617.7587407894,513812.9199474094,313.11623410717004,6460.377906790871,-6972.645183573562,25210.0
204,3484123.0031346674,701261.9681209748,-763718.3232236645,701261.9681209748,171086.29103189774,-186035.48285701405,-763718.3232236645,-186035.48285701405,202293.267516868,2080.499534520221,6704.771777554193,-7239.91855462365,24910.0
205,2906557.7903939374,292005.2159242215,-320889.1953885718,292005.2159242215,52945.14450541739,-57726.40978447112,-320889.1953885718,-57726.40978447112,62944.43695244856,3794.0687179180613,6716.644579120213,-7256.148512729553,24610.0
206,2303215.941285521,13174.13521685612,-18766.325867874613,13174.13521685612,21038.288538916822,-22742.853397485105,-18766.325867874613,-22742.853397485105,24594.60019302869,5405.553872544488,6524.989377199592,-7052.528036478767,24310.0
207,1739662.953741391,-156211.723908747,165161.1919388331,-156211.723908747,34327.282548465606,-36753.60085955843,165161.1919388331,-36753.60085955843,39355.874279200165,6880.349304797007,6157.133416563254,-6658.479610177307,24010.0
208,1248577.6653710129,-241623.34609777745,258316.38554789574,-241623.34609777745,67654.6434449261,-72557.24956625118,258316.38554789574,-72557.24956625118,77817.10957522632,8192.992237089824,5638.036965872062,-6100.889519490583,23710.0
209,842305.6802261656,-266106.90767390345,285546.2305245541,-266106.90767390345,106633.27498348319,-114580.71151478378,285546.2305245541,-114580.71151478378,123121.65413828004,9323.985240575283,4990.380175153607,-5404.19524915453,23410.0
210,522045.7420099533,-248104.39970427146,266751.27556278935,-248104.39970427146,143575.15373916965,-154489.8122995522,266751.27556278935,-154489.8122995522,166235.05571894598,10257.629849590403,4234.980110738987,-4590.831224743631,23110.0
211,283892.93903170037,-201392.11805627102,216807.16111779545,-201392.11805627102,174678.98246802713,-188154.33415031765,216807.16111779545,-188154.33415031765,202669.89823471574,10980.560649679606,3391.333446501432,-3681.8115598076993,22810.0
212,122649.71512280212,-135839.5837497378,146376.0132665464,-135839.5837497378,198207.53596322224,-213679.4968845173,146376.0132665464,-213679.4968845173,230359.76108167067,11480.754733906528,2478.209397393503,-2697.3679726071678,22510.0
213,34239.436707360204,-58432.075614084424,63005.12331725796,-58432.075614084424,213338.53501314326,-230163.7862461753,63005.12331725796,-230163.7862461753,248316.48128149426,11746.872704092166,1514.2810328242952,-1657.6297835313053,22210.0
214,17322.08242197554,25613.392632456962,-27671.93327310354,25613.392632456962,219445.55903503584,-236920.69692300147,-27671.93327310354,-236920.69692300147,255787.87160293103,11767.853455221104,518.8163868268724,-583.3689511331443,21910.0
215,74473.32881986012,111592.43198547965,-120582.58495101823,111592.43198547965,215660.38004508027,-233003.91107555322,-120582.58495101823,-233003.91107555322,251742.608442459,11532.742987035821,-487.52797716015095,503.14385649142935,21610.0
216,213023.90155209583,193717.39345471663,-209494.691383404,193717.39345471663,200679.93080703248,-216995.81184565157,-209494.691383404,-216995.81184565157,234638.58188468666,11030.801228561932,-1481.7507634719902,1577.107117560613,21310.0
217,445231.32418452326,262846.9507008445,-284566.7006852564,262846.9507008445,172955.25044489958,-187206.88501291134,-284566.7006852564,-187206.88501291134,202633.2254613484,10252.020680076144,-2437.312107840595,2609.899038023807,21010.0
218,786599.1039079006,303166.10850191576,-328761.4413017771,303166.10850191576,131731.23664710985,-142791.21700463968,-328761.4413017771,-142791.21700463968,154780.2298593026,9188.337804759625,-3322.6252465708403,3567.447350403309,20710.0
219,1249494.5462610784,287875.86440502264,-313181.80252090713,287875.86440502264,80007.2767446356,-86933.0167085242,-313181.80252090713,-86933.0167085242,94459.14075911994,7836.066084357184,-4099.204894382973,4408.226197960253,20410.0
220,1826920.0784809396,175924.78498237027,-193511.2699029596,175924.78498237027,31196.816138126553,-34027.06306382005,-193511.2699029596,-34027.06306382005,37117.35583272435,6200.4581963565615,-4719.639805974152,5081.0590330767545,20110.0
221,2461379.963955816,-83114.76914798698,84785.54550213812,-83114.76914798698,20689.654275260513,-22166.317672849535,84785.54550213812,-22166.317672849535,23756.974454517396,4303.712368275655,-5126.104098927421,5523.496076415521,19810.0
222,3005117.8753735,-521681.0316589612,557009.2051778119,-521681.0316589612,117903.74983708476,-126202.53628686968,557009.2051778119,-126202.53628686968,135088.25449907297,2197.6384249399466,-5251.296164422762,5662.8023265662905,19510.0
223,3212359.817963885,-1091986.7354077576,1172076.0708037715,-1091986.7354077576,419474.7761462704,-450520.2821160937,1172076.0708037715,-450520.2821160937,483864.94664425176,-19.864245773255718,-5025.45200771271,5423.4934726698075,19210.0
224,2845132.658901413,-1597035.3462818887,1717860.5904325512,-1597035.3462818887,989822.6981560831,-1065033.918222538,1717860.5904325512,-1065033.918222538,1145961.0999622447,-2191.3684072431233,-4393.80120323115,4746.147514309631,18910.0
225,1913967.0034704232,-1723082.9893974147,1855748.5944596936,-1723082.9893974147,1750306.4456875804,-1885498.7707457282,1855748.5944596936,-1885498.7707457282,2031134.1496360167,-4104.763691120387,-3344.503106461685,3617.563111362914,18610.0
226,835618.5915136205,-1262182.5145334133,1360492.5583736007,-1262182.5145334133,2428555.6544803157,-2618386.3353741476,1360492.5583736007,-2618386.3353741476,2823056.1254047668,-5531.937072567224,-1935.549105585609,2099.8695497556428,18310.0
227,192206.54014451697,-359102.5661903327,387167.11528867803,-359102.5661903327,2707803.869725555,-2921552.569936103,387167.11528867803,-2921552.569936103,3152174.845776653,-6296.376799511259,-299.05107872303023,335.28962936434937,18010.0
228,235072.83707582785,552810.1681239903,-597059.2714076473,552810.1681239903,2482487.74767095,-2680208.825895178,-597059.2714076473,-2680208.825895178,2893678.2151454245,-6333.522299607881,1389.8683363046437,-1487.3135295211544,17710.0
229,721319.588420295,1107492.4398609756,-1196644.6760098,1107492.4398609756,1925194.0468948213,-2079880.9779960648,-1196644.6760098,-2079880.9779960648,2246997.2355305622,-5703.049180579799,2964.7883531793577,-3188.220086328496,17410.0
230,1234205.3332646808,1235397.852410106,-1335702.2348770567,1235397.852410106,1304063.4759883804,-1409808.795207714,-1335702.2348770567,-1409808.795207714,1524129.2257765767,-4548.789373902223,4308.329473789448,-4640.467600209795,17110.0
231,1521745.023719933,1081001.7580549594,-1169647.2603413467,1081001.7580549594,795417.0159448693,-860567.2530500876,-1169647.2603413467,-860567.2530500876,931054.0005478789,-3040.223917144276,5362.474536017904,-5781.106142837165,16810.0
232,1551773.846550913,819439.0336721282,-887422.2551612229,819439.0336721282,447828.5743955321,-484927.4597463809,-887422.2551612229,-484927.4597463809,525099.9034554071,-1330.2007398557869,6115.574758208668,-6597.259581255197,16510.0
233,1403166.6171659336,563061.0660735014,-610435.5517112844,563061.0660735014,237273.03611654244,-257185.86635821706,-610435.5517112844,-257185.86635821706,278770.1119142325,461.54585742287793,6582.949216029066,-7105.221458979565,16210.0
234,1168901.9504334405,358534.34508033993,-389236.2851210074,358534.34508033993,120786.24109863114,-131068.46028888582,-389236.2851210074,-131068.46028888582,142226.35328587488,2247.7659949348836,6791.782001541839,-7334.154797986052,15910.0
235,916647.3775429808,213334.31504889185,-232027.7797649255,213334.31504889185,61456.729171278894,-66754.90069782764,-232027.7797649255,-66754.90069782764,72510.44145279817,3966.7044160435885,6772.417221112072,-7316.683742829377,15610.0
236,684729.1181303344,118307.7767050466,-129008.86782768983,118307.7767050466,34106.16394379458,-37053.97921653975,-129008.86782768983,-37053.97921653975,40257.542074513774,5574.704456502505,6554.300460074843,-7084.498848668946,15310.0
237,489868.4200686363,60178.51411905635,-65885.4569613217,60178.51411905635,23509.877323063196,-25508.2553958457,-65885.4569613217,-25508.2553958457,27677.73272266019,7040.357598297669,6164.503549294696,-6666.753344923832,15010.0
238,335746.94340650656,26908.97833422371,-29674.006616275106,26908.97833422371,21157.96991476669,-22909.370085356313,-29674.006616275106,-22909.370085356313,24806.947897270027,8340.34334976497,5627.486915542592,-6089.7983678164555,14710.0
239,219325.11179158444,9320.735453092988,-10462.966898099503,9320.735453092988,22555.645094792533,-24387.816768305653,-10462.966898099503,-24387.816768305653,26369.794193467216,9456.589307407028,4965.393035877943,-5377.493992166682,14410.0
240,134812.56227016705,1085.5338442139653,-1411.0930970803859,1085.5338442139653,25403.35485325148,-27448.946547526713,-1411.0930970803859,-27448.946547526713,29660.01396134315,10374.353819033251,4198.54269891542,-4551.740971909553,14110.0
241,75919.86309401834,-1849.4097221570105,1868.2684666922248,-1849.4097221570105,28503.336202574636,-30791.76192127635,1868.2684666922248,-30791.76192127635,33264.50612618247,11080.928986248458,3345.9985539230706,-3633.086334599369,13810.0
242,37014.29866992353,-1929.3507989459038,2025.6968705911927,-1929.3507989459038,31166.125200124177,-33667.09993872419,2025.6968705911927,-33667.09993872419,36369.250377214565,11564.760913357424,2426.153139788685,-2641.356226570065,13510.0
243,13639.456332918626,-570.0906157254366,598.4999133674736,-570.0906157254366,32932.025513078595,-35575.89450850353,598.4999133674736,-35575.89450850353,38432.43670569981,11814.8617558633,1457.3434296041214,-1596.317955524816,13210.0
244,2711.1896130376804,1404.5045723845963,-1517.5229383720489,1404.5045723845963,33476.79153470357,-36166.52515999091,-1517.5229383720489,-36166.52515999091,39072.752207589256,11820.447221550485,458.51799579036094,-518.3992705892008,12910.0
245,2603.1872145966336,3454.187862788618,-3735.5370417795552,3454.187862788618,32612.465738953444,-35235.11612322884,-3735.5370417795552,-35235.11612322884,38069.051898207574,11570.783813781192,-550.000498653358,570.4890637652564,12610.0
246,13273.15735269614,5092.1046418367805,-5529.489918502984,5092.1046418367805,30322.93483419915,-32763.461785663498,-5529.489918502984,-32763.461785663498,35400.80646526831,11055.28500003325,-1545.5994594809708,1645.964703223933,12310.0
247,36526.03575172642,5634.525754953544,-6164.58669440974,5634.525754953544,26799.08916388421,-28956.48515559303,-6164.58669440974,-28956.48515559303,31288.00475425074,10263.97180307489,-2502.233691207719,2679.9396389460294,12010.0
248,76402.37557629548,3758.603214128727,-4220.8518214021,3758.603214128727,22482.523753565238,-24288.529847158698,-4220.8518214021,-24288.529847158698,26240.174873427823,9188.537777361462,-3388.9721753282756,3639.0497611341843,11710.0
249,139379.80703486898,-3398.1569424967383,3378.233415422442,-3398.1569424967383,18237.63276783355,-19687.291460611043,3378.233415422442,-19687.291460611043,21252.949198148897,7824.474397597471,-4168.167401379296,4482.674968169497,11410.0
250,233300.85214350728,-21857.048699596733,23115.140697006715,-21857.048699596733,16039.024885732644,-17272.42601194652,23115.140697006715,-17272.42601194652,18601.659074957763,6175.082426716921,-4793.290161240595,5160.5944836995905,11110.0
251,362359.1699092972,-62773.77949597508,67020.22728979027,-62773.77949597508,21044.939784015703,-22589.1663567239,67020.22728979027,-22589.1663567239,24247.50130547836,4258.75500238086,-5206.850775797611,5610.72892674002,10810.0
252,513912.8744102455,-141802.73287695376,152011.82401662625,-141802.73287695376,46114.74468525951,-49484.70023995809,152011.82401662625,-49484.70023995809,53101.25482400245,2121.4444925037606,-5339.865154301563,5758.539222873587,10510.0
253,637723.677878461,-267290.33088537556,287195.9853580995,-267290.33088537556,116931.87875085374,-125660.1072271324,287195.9853580995,-125660.1072271324,135039.94303673974,-144.54837623571055,-5116.565270123428,5522.072666191662,10210.0
254,643338.425164493,-409003.8692458818,440124.39279984205,-409003.8692458818,265063.00306400494,-285241.87981771346,440124.39279984205,-285241.87981771346,306957.0070088406,-2379.92234694501,-4470.970807800642,4829.8058107540355,9910.0
255,469445.8392735532,-473814.62639373215,510414.16270486,-473814.62639373215,488769.6828485523,-526538.4900709651,510414.16270486,-526538.4900709651,567225.909351263,-4354.1549563551025,-3380.3137231553137,3656.7077588425896,9610.0
256,198756.15874791026,-365135.56163344113,393664.3919507173,-365135.56163344113,706233.8762501082,-761443.4352092687,393664.3919507173,-761443.4352092687,820969.117520889,-5806.983346581524,-1904.3078028905593,2066.7025103949586,9310.0
257,23944.832674614623,-110274.8618276642,118963.47045329245,-110274.8618276642,796218.7695086966,-859063.0189009018,118963.47045329245,-859063.0189009018,926867.6198943923,-6539.112891974821,-195.51890585737019,224.0414002753556,9010.0
258,33921.2632127921,140428.3491704271,-151618.3457145175,140428.3491704271,719318.6121872836,-776570.9263804076,-151618.3457145175,-776570.9263804076,838380.2389553805,-6494.221039374129,1544.6875403250679,-1654.0747514073335,8710.0
259,139571.2837992081,271623.18885893584,-293415.6605054941,271623.18885893584,547672.7973285053,-591590.5146255892,-293415.6605054941,-591590.5146255892,639030.0995197963,-5763.649672467395,3137.159590893895,-3374.123430058575,8410.0
260,219982.0197563039,283667.2683764882,-306572.98006902944,283667.2683764882,374210.63044531614,-404412.476066654,-306572.98006902944,-404412.476066654,437051.9442828497,-4520.801022501413,4469.327688635029,-4814.274073485583,8110.0
261,231739.8005491448,234482.79424692717,-253513.6791998287,234482.79424692717,245257.9797316418,-265147.7566663299,-253513.6791998287,-265147.7566663299,286650.6092102897,-2948.614970925487,5495.611140929972,-5924.971345330088,7810.0
262,193472.80580526142,172537.17891500064,-186581.5809985062,172537.17891500064,164824.69825211767,-178220.76302730452,-186581.5809985062,-178220.76302730452,192705.6519395445,-1200.1421467627092,6215.1692119775125,-6705.002771741158,7510.0
263,137953.25352810422,119543.14934943165,-129275.13515841764,119543.14934943165,120856.43976725067,-130665.82167884229,-129275.13515841764,-130665.82167884229,141271.46610847992,610.2016531616853,6649.69236463435,-7177.548532284616,7210.0
264,87726.89277363647,79470.07409795198,-85923.68935112769,79470.07409795198,101020.37505572037,-109181.15712348162,-85923.68935112769,-109181.15712348162,118001.29947607913,2401.0507355969207,6829.21480020398,-7374.85924662904,6910.0
265,51891.79163294159,49514.80422520122,-53520.735550964906,49514.80422520122,97104.60032089951,-104898.67885925408,-53520.735550964906,-104898.67885925408,113318.48004919213,4115.338558299708,6784.94903449987,-7330.50561576257,6610.0
266,30540.11926076468,26223.136741738064,-28339.038637415226,26223.136741738064,104470.346259807,-112805.06478493141,-28339.038637415226,-112805.06478493141,121804.89836187822,5712.716294081002,6546.2966860884535,-7076.137354928017,6310.0
267,19668.757219663654,7675.117913989154,-8298.816548696124,7675.117913989154,120462.73208513371,-130031.04090985475,-8298.816548696124,-130031.04090985475,140359.56043023185,7163.9943512138425,6139.942653209171,-6640.494548869551,6010.0
268,14530.058977755412,-6333.1887560336,6829.398584344481,-6333.1887560336,143130.02674330072,-154469.59499780103,6829.398584344481,-154469.59499780103,166707.7953656682,8447.314935640325,5589.880851596838,-6049.427797057805,5710.0
269,11426.229701278126,-14863.374108509952,16040.272096322225,-14863.374108509952,170474.3745036246,-183966.23254066514,16040.272096322225,-183966.23254066514,198526.17077549407,9545.570819636767,4917.815961261272,-5326.326631645625,5410.0
270,8414.138161332921,-16564.08447914686,17879.415295571547,-16564.08447914686,200128.20677237067,-215968.31814785005,17879.415295571547,-215968.31814785005,233062.50858080998,10444.667181677787,4143.69656947511,-4492.6914187874545,5110.0
271,5343.1090896095075,-10318.986729584562,11142.57931412943,-10318.986729584562,229312.25956789468,-247478.4855293336,11142.57931412943,-247478.4855293336,267084.2213605088,11132.344067195949,3286.284915829067,-3568.7458785339186,4810.0
272,3509.785939392238,4259.373649975434,-4590.698972998773,4259.373649975434,254967.2085712432,-275195.72155835055,-4590.698972998773,-275195.72155835055,297029.51523309073,11597.37624059098,2363.7388326081336,-2574.0635182723095,4510.0
273,5098.550897305395,26500.935341165925,-28601.33000963649,26500.935341165925,273991.8236723463,-295771.73518607643,-28601.33000963649,-295771.73518607643,319283.3623583613,11829.039646848085,1394.2155432960897,-1528.2181869241608,4210.0
274,12501.563928733221,54512.031273995795,-58850.087025490306,54512.031273995795,283549.8270134537,-306141.79535822367,-58850.087025490306,-306141.79535822367,330534.189778469,11816.787838244485,396.5258747172072,-451.4894540110124,3910.0
275,27573.896082040363,85176.72388543282,-91977.58042750921,85176.72388543282,281424.04017313017,-303906.93743611604,-91977.58042750921,-303906.93743611604,328186.3654350829,11550.128418813703,-609.1186800847266,634.3314082087464,3610.0
276,50871.17018969766,114347.70106060535,-123508.77650384177,114347.70106060535,266400.7296207036,-287749.1374385029,-123508.77650384177,-287749.1374385029,310808.6707964566,11018.74086046897,-1600.2100950066622,1704.9743724642449,3310.0
277,80941.07302048577,137269.60131012375,-148308.4693484607,137269.60131012375,238657.91835195434,-257851.22868390166,-148308.4693484607,-257851.22868390166,278588.39043609105,10212.948649692524,-2550.8292214730845,2732.4868527795293,3010.0
278,113806.19606049515,149293.39325859942,-161351.25164600005,149293.39325859942,200103.66188076275,-216263.39611875726,-161351.25164600005,-216263.39611875726,233728.37083592179,9124.77475496193,-3430.233045323731,3683.7069707980872,2710.0
279,142899.91257817068,146930.04709975413,-158858.5670905216,146930.04709975413,154555.20709481504,-167098.6180030734,-158858.5670905216,-167098.6180030734,180660.20035443266,7750.0089814096245,-4201.078043467771,4518.342083892703,2410.0
280,159901.1439943569,129203.22569053018,-139760.27040597057,129203.22569053018,107562.15792484465,-116344.49540203712,-139760.27040597057,-116344.49540203712,125844.01965128211,6092.056749309841,-4817.305822682765,5186.679296219196,2110.0
281,157066.84767717827,98990.31437299888,-107146.58751067608,98990.31437299888,65583.59408654385,-70977.80716301767,-107146.58751067608,-70977.80716301767,76815.77360824317,4168.872804052001,-5222.033144778323,5627.294550940664,1810.0
282,131384.78283137517,63472.06549726365,-68761.67204969365,63472.06549726365,34274.16463217269,-37115.63775755981,-68761.67204969365,-37115.63775755981,40192.761154751315,2024.8976363118522,-5346.6708506058785,5766.077969655115,1510.0
283,89184.6634683634,32164.518639782833,-34888.70866905461,32164.518639782833,16189.094765149077,-17534.53094503389,-34888.70866905461,-17534.53094503389,18991.907866883437,-250.27628078235682,-5114.559822507659,5520.120547678793,1210.0
284,46145.4478325315,11820.490446560141,-12847.186090651254,11820.490446560141,9540.162933749225,-10317.68307378944,-12847.186090651254,-10317.68307378944,11158.742059210888,-2498.954050906934,-4455.89390463813,4813.773168414717,910.0
285,17065.87966922485,2105.94598543062,-2305.8653256846314,2105.94598543062,9964.522673778642,-10755.489195457554,-2305.8653256846314,-10755.489195457554,11609.388280565927,-4484.679218184326,-3341.8536141619893,3615.4623890405132,610.0
286,3847.3393881652905,-1371.4190395974642,1472.645237928985,-1371.4190395974642,13153.873314384771,-14189.611091333887,1472.645237928985,-14189.611091333887,15307.033732523769,-5930.360911208501,-1831.3517468707844,1988.2142720651425,310.0
287,251.57537462062098,-1904.6972872044232,2055.260274674937,-1904.6972872044232,14977.135459460409,-16155.789407241606,2055.260274674937,-16155.789407241606,17427.330431666524,-6622.859062037351,-88.8358518837794,109.07536275440326,10.0
